sale_id,sale_date,region,format,units_sold,unit_price,revenue,cost_per_unit,total_cost,profit,profit_margin,customer_age_group,customer_gender,customer_income_bracket,profit_margin_pct
1,2024-02-02,Latin America,Blu-ray,1,24.25,24.25,14.74,14.74,9.51,0.3922,18-24,Male,150k+,39.22%
2,2024-10-09,Latin America,Blu-ray,3,29.11,87.33,15.21,45.63,41.7,0.4775,35-44,Female,30-60k,47.75%
3,2024-08-26,Australia,4K UHD,1,41.49,41.49,18.0,18.0,23.49,0.5662,35-44,Male,60-100k,56.62%
4,2024-06-09,Australia,DVD,2,25.17,50.34,12.35,24.7,25.64,0.5093,35-44,Female,100-150k,50.93%
5,2024-06-07,Latin America,DVD,3,21.72,65.16,12.52,37.56,27.6,0.4236,25-34,Female,100-150k,42.36%
6,2024-11-09,Europe,Blu-ray,3,24.39,73.17,15.2,45.6,27.57,0.3768,25-34,Male,<30k,37.68%
7,2024-02-01,Asia,Digital,1,20.69,20.69,5.0,5.0,15.69,0.7583,35-44,Male,150k+,75.83%
8,2024-09-11,Asia,Blu-ray,2,31.02,62.04,15.93,31.86,30.18,0.4865,25-34,Male,<30k,48.65%
9,2024-03-14,Latin America,DVD,1,23.32,23.32,12.44,12.44,10.88,0.4666,45-54,Female,60-100k,46.66%
10,2024-02-04,Australia,Digital,1,19.2,19.2,4.78,4.78,14.42,0.751,25-34,Female,60-100k,75.1%
11,2024-07-11,Europe,Digital,2,18.3,36.6,5.46,10.92,25.68,0.7016,35-44,Male,100-150k,70.16%
12,2024-12-22,Asia,Blu-ray,3,27.14,81.42,15.62,46.86,34.56,0.4245,35-44,Female,<30k,42.45%
13,2024-09-25,North America,Digital,3,16.59,49.77,5.49,16.47,33.3,0.6691,55+,Female,<30k,66.91%
14,2024-10-04,Latin America,Digital,2,16.48,32.96,5.47,10.94,22.02,0.6681,25-34,Male,100-150k,66.81%
15,2024-09-18,Asia,Digital,1,17.16,17.16,5.42,5.42,11.74,0.6841,25-34,Male,<30k,68.41%
16,2024-10-13,Asia,Digital,1,20.17,20.17,5.26,5.26,14.91,0.7392,25-34,Prefer not to say,30-60k,73.92%
17,2024-07-06,Asia,Digital,1,16.72,16.72,5.11,5.11,11.61,0.6944,35-44,Male,60-100k,69.44%
18,2024-02-16,Europe,Blu-ray,1,25.69,25.69,14.02,14.02,11.67,0.4543,25-34,Male,60-100k,45.43%
19,2024-11-02,Asia,Digital,1,18.73,18.73,5.04,5.04,13.69,0.7309,45-54,Male,30-60k,73.09%
20,2024-06-13,Latin America,Blu-ray,3,25.6,76.8,15.8,47.4,29.4,0.3828,25-34,Female,30-60k,38.28%
21,2024-07-01,Europe,Blu-ray,1,25.22,25.22,15.06,15.06,10.16,0.4029,18-24,Male,150k+,40.29%
22,2024-05-15,North America,Digital,1,18.81,18.81,5.37,5.37,13.44,0.7145,35-44,Male,30-60k,71.45%
23,2024-03-07,Europe,Digital,2,17.83,35.66,4.61,9.22,26.44,0.7414,45-54,Male,<30k,74.14%
24,2024-12-04,North America,DVD,1,23.9,23.9,11.71,11.71,12.19,0.51,55+,Female,30-60k,51.0%
25,2024-10-12,Europe,Digital,2,20.55,41.1,5.01,10.02,31.08,0.7562,45-54,Male,30-60k,75.62%
26,2024-08-23,Latin America,Digital,1,16.75,16.75,4.93,4.93,11.82,0.7057,35-44,Non-binary,150k+,70.57%
27,2024-05-26,North America,4K UHD,1,41.12,41.12,18.43,18.43,22.69,0.5518,45-54,Male,30-60k,55.18%
28,2024-10-27,Latin America,4K UHD,2,41.01,82.02,18.61,37.22,44.8,0.5462,45-54,Male,<30k,54.62%
29,2024-07-18,Europe,Blu-ray,3,30.21,90.63,16.01,48.03,42.6,0.47,25-34,Prefer not to say,60-100k,47.0%
30,2024-06-10,Australia,Digital,2,19.15,38.3,4.98,9.96,28.34,0.7399,35-44,Female,<30k,73.99%
31,2024-06-13,Latin America,Blu-ray,2,28.64,57.28,13.65,27.3,29.98,0.5234,45-54,Male,30-60k,52.34%
32,2024-03-23,Europe,Blu-ray,2,28.78,57.56,13.55,27.1,30.46,0.5292,25-34,Female,150k+,52.92%
33,2024-02-03,Asia,Digital,1,19.44,19.44,4.97,4.97,14.47,0.7443,45-54,Female,60-100k,74.43%
34,2024-07-21,North America,DVD,1,20.09,20.09,11.19,11.19,8.9,0.443,35-44,Male,<30k,44.3%
35,2024-11-20,North America,Digital,2,20.78,41.56,5.21,10.42,31.14,0.7493,35-44,Female,30-60k,74.93%
36,2024-01-24,Australia,Digital,1,18.92,18.92,5.3,5.3,13.62,0.7199,18-24,Female,<30k,71.99%
37,2024-11-09,Australia,DVD,3,24.87,74.61,11.35,34.05,40.56,0.5436,45-54,Male,<30k,54.36%
38,2024-10-29,North America,Digital,2,17.88,35.76,5.09,10.18,25.58,0.7153,55+,Female,60-100k,71.53%
39,2024-04-11,Europe,Digital,1,16.05,16.05,4.65,4.65,11.4,0.7103,25-34,Male,60-100k,71.03%
40,2024-08-18,North America,Blu-ray,2,27.81,55.62,14.41,28.82,26.8,0.4818,25-34,Male,60-100k,48.18%
41,2024-03-01,Europe,4K UHD,1,37.06,37.06,21.56,21.56,15.5,0.4182,18-24,Prefer not to say,100-150k,41.82%
42,2024-10-03,Europe,DVD,2,22.72,45.44,12.11,24.22,21.22,0.467,18-24,Female,30-60k,46.7%
43,2024-09-12,Europe,Blu-ray,3,26.54,79.62,16.16,48.48,31.14,0.3911,55+,Female,150k+,39.11%
44,2024-05-09,Asia,4K UHD,1,34.49,34.49,18.9,18.9,15.59,0.452,35-44,Female,60-100k,45.2%
45,2024-01-25,North America,Digital,2,18.63,37.26,4.83,9.66,27.6,0.7407,25-34,Female,30-60k,74.07%
46,2024-12-20,Australia,DVD,1,22.34,22.34,11.93,11.93,10.41,0.466,25-34,Male,100-150k,46.6%
47,2024-06-11,Latin America,Digital,2,20.84,41.68,4.98,9.96,31.72,0.761,55+,Prefer not to say,<30k,76.1%
48,2024-11-21,Latin America,Digital,1,16.86,16.86,5.5,5.5,11.36,0.6738,25-34,Female,60-100k,67.38%
49,2024-09-04,North America,Blu-ray,2,26.39,52.78,13.84,27.68,25.1,0.4756,45-54,Female,60-100k,47.56%
50,2024-10-11,Latin America,DVD,2,21.83,43.66,12.84,25.68,17.98,0.4118,25-34,Female,30-60k,41.18%
51,2024-10-04,Australia,DVD,1,23.39,23.39,12.87,12.87,10.52,0.4498,18-24,Male,100-150k,44.98%
52,2024-03-12,North America,Digital,2,18.49,36.98,5.05,10.1,26.88,0.7269,45-54,Male,30-60k,72.69%
53,2024-05-12,Latin America,Digital,3,19.21,57.63,4.84,14.52,43.11,0.748,18-24,Male,100-150k,74.8%
54,2024-06-19,Europe,4K UHD,3,41.49,124.47,20.08,60.24,64.23,0.516,45-54,Male,<30k,51.6%
55,2024-06-30,Latin America,Digital,1,17.42,17.42,4.79,4.79,12.63,0.725,25-34,Female,<30k,72.5%
56,2024-01-16,Asia,Digital,2,19.45,38.9,5.3,10.6,28.3,0.7275,45-54,Female,30-60k,72.75%
57,2024-07-18,Australia,Digital,3,16.12,48.36,5.0,15.0,33.36,0.6898,45-54,Male,100-150k,68.98%
58,2024-02-26,North America,DVD,2,21.63,43.26,13.02,26.04,17.22,0.3981,45-54,Male,<30k,39.81%
59,2024-09-28,Europe,DVD,1,22.89,22.89,12.29,12.29,10.6,0.4631,18-24,Female,100-150k,46.31%
60,2024-09-06,Europe,DVD,2,20.19,40.38,12.03,24.06,16.32,0.4042,45-54,Male,30-60k,40.42%
61,2024-12-02,Europe,Digital,1,19.08,19.08,5.21,5.21,13.87,0.7269,55+,Non-binary,30-60k,72.69%
62,2024-09-28,Europe,Digital,1,19.38,19.38,5.0,5.0,14.38,0.742,25-34,Male,30-60k,74.2%
63,2024-05-13,Europe,Blu-ray,2,29.59,59.18,16.21,32.42,26.76,0.4522,25-34,Male,<30k,45.22%
64,2024-12-19,North America,DVD,2,23.22,46.44,11.24,22.48,23.96,0.5159,45-54,Male,150k+,51.59%
65,2024-05-29,Latin America,DVD,3,23.77,71.31,13.14,39.42,31.89,0.4472,25-34,Non-binary,30-60k,44.72%
66,2024-04-28,Asia,Blu-ray,2,26.96,53.92,15.94,31.88,22.04,0.4088,45-54,Male,60-100k,40.88%
67,2024-11-26,Australia,Blu-ray,3,24.3,72.9,16.08,48.24,24.66,0.3383,45-54,Female,60-100k,33.83%
68,2024-05-15,Latin America,Digital,2,16.49,32.98,4.98,9.96,23.02,0.698,18-24,Male,60-100k,69.8%
69,2024-01-28,North America,Digital,3,19.27,57.81,5.34,16.02,41.79,0.7229,35-44,Male,60-100k,72.29%
70,2024-06-20,North America,DVD,1,26.21,26.21,11.54,11.54,14.67,0.5597,35-44,Female,100-150k,55.97%
71,2024-10-17,Asia,Digital,1,16.07,16.07,5.26,5.26,10.81,0.6727,25-34,Male,60-100k,67.27%
72,2024-03-10,Asia,Blu-ray,3,28.17,84.51,13.92,41.76,42.75,0.5059,55+,Male,60-100k,50.59%
73,2024-06-17,Europe,DVD,3,24.68,74.04,11.54,34.62,39.42,0.5324,25-34,Female,60-100k,53.24%
74,2024-02-17,Latin America,Blu-ray,3,30.19,90.57,14.84,44.52,46.05,0.5084,25-34,Female,60-100k,50.84%
75,2024-09-07,Asia,Blu-ray,1,28.08,28.08,14.47,14.47,13.61,0.4847,45-54,Male,30-60k,48.47%
76,2024-06-22,Latin America,DVD,1,23.86,23.86,11.73,11.73,12.13,0.5084,25-34,Male,60-100k,50.84%
77,2024-04-30,North America,4K UHD,3,38.96,116.88,21.28,63.84,53.04,0.4538,45-54,Prefer not to say,30-60k,45.38%
78,2024-03-23,Australia,DVD,2,25.36,50.72,11.42,22.84,27.88,0.5497,18-24,Female,100-150k,54.97%
79,2024-07-25,Europe,Blu-ray,1,24.91,24.91,15.74,15.74,9.17,0.3681,35-44,Female,150k+,36.81%
80,2024-09-01,Asia,Digital,3,20.62,61.86,4.57,13.71,48.15,0.7784,18-24,Female,150k+,77.84%
81,2024-12-09,Asia,DVD,3,20.15,60.45,12.64,37.92,22.53,0.3727,45-54,Female,100-150k,37.27%
82,2024-06-08,Australia,DVD,1,25.22,25.22,12.7,12.7,12.52,0.4964,45-54,Male,60-100k,49.64%
83,2024-02-28,Europe,Digital,3,16.38,49.14,4.9,14.7,34.44,0.7009,45-54,Male,60-100k,70.09%
84,2024-10-30,Europe,Digital,3,16.96,50.88,5.22,15.66,35.22,0.6922,55+,Female,<30k,69.22%
85,2024-08-17,Europe,4K UHD,2,32.03,64.06,21.66,43.32,20.74,0.3238,45-54,Female,30-60k,32.38%
86,2024-09-12,Europe,DVD,2,22.77,45.54,12.72,25.44,20.1,0.4414,45-54,Prefer not to say,30-60k,44.14%
87,2024-02-05,North America,Digital,1,17.66,17.66,4.89,4.89,12.77,0.7231,35-44,Female,<30k,72.31%
88,2024-04-24,North America,Digital,3,16.82,50.46,4.98,14.94,35.52,0.7039,55+,Male,150k+,70.39%
89,2024-10-07,Europe,Digital,3,18.25,54.75,5.28,15.84,38.91,0.7107,35-44,Female,100-150k,71.07%
90,2024-10-30,Asia,Digital,3,18.0,54.0,4.79,14.37,39.63,0.7339,55+,Female,60-100k,73.39%
91,2024-06-07,Europe,4K UHD,3,39.67,119.01,21.22,63.66,55.35,0.4651,25-34,Male,30-60k,46.51%
92,2024-10-20,Europe,DVD,1,25.57,25.57,11.59,11.59,13.98,0.5467,35-44,Female,60-100k,54.67%
93,2024-11-03,Latin America,Digital,2,19.25,38.5,5.31,10.62,27.88,0.7242,45-54,Female,30-60k,72.42%
94,2024-05-21,Europe,DVD,2,20.77,41.54,11.01,22.02,19.52,0.4699,25-34,Male,100-150k,46.99%
95,2024-11-23,Australia,Digital,3,17.47,52.41,4.54,13.62,38.79,0.7401,25-34,Female,150k+,74.01%
96,2024-04-15,Latin America,Digital,2,20.56,41.12,5.5,11.0,30.12,0.7325,55+,Female,30-60k,73.25%
97,2024-03-28,North America,Blu-ray,2,24.66,49.32,16.11,32.22,17.1,0.3467,35-44,Non-binary,30-60k,34.67%
98,2024-09-06,Europe,DVD,1,22.53,22.53,12.92,12.92,9.61,0.4265,25-34,Male,30-60k,42.65%
99,2024-08-20,North America,4K UHD,3,41.41,124.23,21.81,65.43,58.8,0.4733,25-34,Female,<30k,47.33%
100,2024-02-21,Europe,DVD,2,25.93,51.86,11.85,23.7,28.16,0.543,25-34,Female,30-60k,54.3%
101,2024-10-30,Europe,DVD,1,22.56,22.56,11.49,11.49,11.07,0.4907,35-44,Female,<30k,49.07%
102,2024-03-13,North America,Blu-ray,3,29.0,87.0,13.89,41.67,45.33,0.521,55+,Male,<30k,52.1%
103,2024-10-20,North America,4K UHD,1,36.56,36.56,20.0,20.0,16.56,0.453,55+,Female,30-60k,45.3%
104,2024-01-03,Asia,Blu-ray,1,29.64,29.64,14.16,14.16,15.48,0.5223,45-54,Non-binary,<30k,52.23%
105,2024-10-17,Latin America,4K UHD,1,32.31,32.31,21.74,21.74,10.57,0.3271,45-54,Female,60-100k,32.71%
106,2024-10-14,Europe,Blu-ray,2,25.07,50.14,13.51,27.02,23.12,0.4611,25-34,Female,<30k,46.11%
107,2024-10-11,Australia,Blu-ray,1,28.6,28.6,13.93,13.93,14.67,0.5129,55+,Male,100-150k,51.29%
108,2024-08-30,Europe,Digital,3,17.15,51.45,4.75,14.25,37.2,0.723,25-34,Female,30-60k,72.3%
109,2024-06-21,Australia,Blu-ray,2,28.99,57.98,14.1,28.2,29.78,0.5136,25-34,Male,<30k,51.36%
110,2024-09-14,Europe,DVD,1,22.19,22.19,11.34,11.34,10.85,0.489,55+,Female,<30k,48.9%
111,2024-04-11,Asia,DVD,1,25.53,25.53,12.37,12.37,13.16,0.5155,55+,Male,60-100k,51.55%
112,2024-10-11,Latin America,Blu-ray,2,30.13,60.26,14.48,28.96,31.3,0.5194,25-34,Female,30-60k,51.94%
113,2024-07-21,North America,4K UHD,1,36.92,36.92,20.46,20.46,16.46,0.4458,45-54,Male,60-100k,44.58%
114,2024-06-16,Australia,4K UHD,3,39.72,119.16,21.56,64.68,54.48,0.4572,35-44,Female,<30k,45.72%
115,2024-07-03,Europe,Digital,1,17.35,17.35,5.1,5.1,12.25,0.7061,25-34,Female,150k+,70.61%
116,2024-07-26,Asia,Blu-ray,2,27.7,55.4,15.58,31.16,24.24,0.4375,25-34,Male,<30k,43.75%
117,2024-01-14,Latin America,Blu-ray,1,25.47,25.47,14.6,14.6,10.87,0.4268,25-34,Male,30-60k,42.68%
118,2024-02-21,Latin America,Digital,1,20.29,20.29,4.66,4.66,15.63,0.7703,35-44,Female,100-150k,77.03%
119,2024-03-30,North America,Digital,1,20.11,20.11,4.82,4.82,15.29,0.7603,35-44,Female,30-60k,76.03%
120,2024-02-11,Australia,Digital,1,20.5,20.5,5.46,5.46,15.04,0.7337,35-44,Male,30-60k,73.37%
121,2024-06-09,Latin America,Blu-ray,3,30.57,91.71,15.37,46.11,45.6,0.4972,25-34,Male,100-150k,49.72%
122,2024-08-31,Australia,DVD,3,25.99,77.97,11.47,34.41,43.56,0.5587,55+,Male,30-60k,55.87%
123,2024-08-26,Asia,4K UHD,3,34.27,102.81,19.8,59.4,43.41,0.4222,35-44,Female,<30k,42.22%
124,2024-06-20,Latin America,DVD,1,25.81,25.81,12.81,12.81,13.0,0.5037,55+,Female,30-60k,50.37%
125,2024-11-08,Asia,4K UHD,3,37.7,113.1,20.67,62.01,51.09,0.4517,25-34,Male,<30k,45.17%
126,2024-07-25,Australia,DVD,2,22.63,45.26,12.15,24.3,20.96,0.4631,35-44,Female,150k+,46.31%
127,2024-01-29,Australia,Blu-ray,1,28.19,28.19,16.16,16.16,12.03,0.4267,45-54,Female,60-100k,42.67%
128,2024-10-06,Australia,Digital,1,17.7,17.7,5.17,5.17,12.53,0.7079,25-34,Female,60-100k,70.79%
129,2024-07-28,Asia,DVD,2,21.79,43.58,12.34,24.68,18.9,0.4337,25-34,Male,30-60k,43.37%
130,2024-08-19,Latin America,Blu-ray,2,25.8,51.6,14.07,28.14,23.46,0.4547,25-34,Male,60-100k,45.47%
131,2024-07-25,Europe,4K UHD,1,32.82,32.82,18.43,18.43,14.39,0.4385,25-34,Male,60-100k,43.85%
132,2024-07-21,Asia,Blu-ray,3,27.71,83.13,16.4,49.2,33.93,0.4082,35-44,Male,<30k,40.82%
133,2024-02-03,Latin America,Digital,3,20.43,61.29,5.1,15.3,45.99,0.7504,25-34,Male,100-150k,75.04%
134,2024-07-23,North America,Digital,2,19.14,38.28,4.92,9.84,28.44,0.7429,25-34,Male,60-100k,74.29%
135,2024-10-17,Latin America,Digital,3,18.6,55.8,5.09,15.27,40.53,0.7263,35-44,Male,100-150k,72.63%
136,2024-04-20,North America,Digital,3,18.13,54.39,4.56,13.68,40.71,0.7485,18-24,Female,30-60k,74.85%
137,2024-08-08,Asia,Blu-ray,3,27.47,82.41,15.97,47.91,34.5,0.4186,25-34,Male,<30k,41.86%
138,2024-01-12,Asia,Blu-ray,1,25.56,25.56,14.15,14.15,11.41,0.4464,45-54,Female,60-100k,44.64%
139,2024-05-06,Asia,Blu-ray,3,30.16,90.48,15.91,47.73,42.75,0.4725,25-34,Male,100-150k,47.25%
140,2024-06-08,Asia,Blu-ray,2,25.48,50.96,15.1,30.2,20.76,0.4074,25-34,Female,30-60k,40.74%
141,2024-12-24,Asia,Blu-ray,3,29.36,88.08,14.33,42.99,45.09,0.5119,25-34,Male,<30k,51.19%
142,2024-03-19,Asia,Blu-ray,3,29.69,89.07,13.59,40.77,48.3,0.5423,18-24,Female,100-150k,54.23%
143,2024-04-10,Asia,Digital,1,18.86,18.86,5.32,5.32,13.54,0.7179,35-44,Female,30-60k,71.79%
144,2024-05-29,Asia,Digital,2,20.3,40.6,4.68,9.36,31.24,0.7695,18-24,Male,30-60k,76.95%
145,2024-12-28,Latin America,DVD,1,21.81,21.81,10.92,10.92,10.89,0.4993,25-34,Female,60-100k,49.93%
146,2024-11-07,Asia,Blu-ray,1,30.6,30.6,15.77,15.77,14.83,0.4846,55+,Male,<30k,48.46%
147,2024-01-13,Latin America,Digital,2,19.64,39.28,4.85,9.7,29.58,0.7531,55+,Female,<30k,75.31%
148,2024-03-26,Australia,DVD,3,24.98,74.94,11.73,35.19,39.75,0.5304,25-34,Male,<30k,53.04%
149,2024-10-26,Australia,Blu-ray,3,28.97,86.91,14.24,42.72,44.19,0.5085,25-34,Male,150k+,50.85%
150,2024-01-22,North America,Digital,2,20.22,40.44,5.36,10.72,29.72,0.7349,35-44,Male,30-60k,73.49%
151,2024-11-08,Latin America,DVD,1,26.2,26.2,11.51,11.51,14.69,0.5607,45-54,Female,60-100k,56.07%
152,2024-04-12,Europe,Blu-ray,2,27.14,54.28,14.13,28.26,26.02,0.4794,45-54,Male,150k+,47.94%
153,2024-11-30,North America,Blu-ray,3,30.09,90.27,14.43,43.29,46.98,0.5204,25-34,Female,60-100k,52.04%
154,2024-04-17,Latin America,Digital,3,19.71,59.13,4.7,14.1,45.03,0.7615,25-34,Male,60-100k,76.15%
155,2024-06-07,North America,Blu-ray,1,27.39,27.39,14.45,14.45,12.94,0.4724,35-44,Male,60-100k,47.24%
156,2024-08-29,Australia,Digital,1,20.62,20.62,4.58,4.58,16.04,0.7779,55+,Male,30-60k,77.79%
157,2024-02-16,Latin America,Blu-ray,3,26.95,80.85,13.98,41.94,38.91,0.4813,55+,Non-binary,60-100k,48.13%
158,2024-07-22,Australia,Digital,1,18.82,18.82,4.92,4.92,13.9,0.7386,25-34,Female,150k+,73.86%
159,2024-07-03,Latin America,DVD,1,20.65,20.65,12.91,12.91,7.74,0.3748,35-44,Male,100-150k,37.48%
160,2024-10-13,Australia,Digital,1,17.12,17.12,4.56,4.56,12.56,0.7336,25-34,Female,30-60k,73.36%
161,2024-12-29,North America,Digital,2,20.19,40.38,4.71,9.42,30.96,0.7667,45-54,Male,30-60k,76.67%
162,2024-08-30,Australia,Blu-ray,2,26.97,53.94,16.23,32.46,21.48,0.3982,55+,Male,100-150k,39.82%
163,2024-05-29,North America,Digital,2,17.96,35.92,5.39,10.78,25.14,0.6999,35-44,Female,<30k,69.99%
164,2024-05-28,Europe,Digital,1,17.22,17.22,5.18,5.18,12.04,0.6992,18-24,Male,100-150k,69.92%
165,2024-06-01,North America,Digital,3,18.45,55.35,4.74,14.22,41.13,0.7431,35-44,Male,30-60k,74.31%
166,2024-10-24,Asia,Blu-ray,3,30.03,90.09,14.76,44.28,45.81,0.5085,35-44,Female,60-100k,50.85%
167,2024-04-27,Latin America,Blu-ray,2,30.7,61.4,14.13,28.26,33.14,0.5397,45-54,Male,100-150k,53.97%
168,2024-03-01,Europe,4K UHD,1,32.69,32.69,18.51,18.51,14.18,0.4338,25-34,Female,30-60k,43.38%
169,2024-05-02,Australia,Digital,2,18.86,37.72,4.88,9.76,27.96,0.7413,55+,Female,<30k,74.13%
170,2024-01-09,Latin America,DVD,3,22.91,68.73,12.18,36.54,32.19,0.4684,25-34,Female,100-150k,46.84%
171,2024-02-08,Latin America,Digital,2,19.06,38.12,4.86,9.72,28.4,0.745,25-34,Female,30-60k,74.5%
172,2024-02-02,Australia,DVD,1,22.79,22.79,12.27,12.27,10.52,0.4616,25-34,Female,30-60k,46.16%
173,2024-10-08,Asia,4K UHD,2,35.98,71.96,19.19,38.38,33.58,0.4666,18-24,Male,60-100k,46.66%
174,2024-09-20,Europe,Blu-ray,2,27.53,55.06,14.54,29.08,25.98,0.4718,25-34,Female,30-60k,47.18%
175,2024-09-11,Australia,DVD,2,23.63,47.26,12.7,25.4,21.86,0.4625,45-54,Female,60-100k,46.25%
176,2024-06-17,Asia,Digital,2,18.5,37.0,5.38,10.76,26.24,0.7092,25-34,Non-binary,<30k,70.92%
177,2024-09-18,Latin America,4K UHD,1,36.71,36.71,19.29,19.29,17.42,0.4745,25-34,Male,30-60k,47.45%
178,2024-02-28,Europe,DVD,3,25.1,75.3,12.17,36.51,38.79,0.5151,25-34,Female,100-150k,51.51%
179,2024-11-24,Europe,Digital,2,19.72,39.44,4.78,9.56,29.88,0.7576,18-24,Female,<30k,75.76%
180,2024-07-01,North America,Digital,2,17.7,35.4,4.55,9.1,26.3,0.7429,55+,Male,30-60k,74.29%
181,2024-12-08,Europe,Digital,2,19.99,39.98,5.24,10.48,29.5,0.7379,55+,Female,60-100k,73.79%
182,2024-02-25,North America,Digital,2,20.26,40.52,4.67,9.34,31.18,0.7695,18-24,Male,100-150k,76.95%
183,2024-06-30,Latin America,Digital,1,16.76,16.76,4.93,4.93,11.83,0.7058,45-54,Male,60-100k,70.58%
184,2024-09-11,North America,DVD,3,23.63,70.89,11.97,35.91,34.98,0.4934,45-54,Female,100-150k,49.34%
185,2024-06-29,Latin America,DVD,1,21.77,21.77,11.24,11.24,10.53,0.4837,55+,Male,30-60k,48.37%
186,2024-06-11,Australia,Digital,2,19.69,39.38,4.59,9.18,30.2,0.7669,25-34,Male,30-60k,76.69%
187,2024-03-01,Latin America,DVD,1,21.48,21.48,11.64,11.64,9.84,0.4581,25-34,Male,150k+,45.81%
188,2024-05-19,Asia,4K UHD,1,38.7,38.7,21.81,21.81,16.89,0.4364,35-44,Male,100-150k,43.64%
189,2024-03-28,North America,Blu-ray,1,25.9,25.9,15.35,15.35,10.55,0.4073,55+,Female,60-100k,40.73%
190,2024-04-20,Australia,DVD,3,23.19,69.57,11.72,35.16,34.41,0.4946,45-54,Female,30-60k,49.46%
191,2024-09-06,North America,Digital,2,20.73,41.46,4.54,9.08,32.38,0.781,35-44,Female,30-60k,78.1%
192,2024-08-18,Latin America,Blu-ray,2,26.85,53.7,15.3,30.6,23.1,0.4302,25-34,Male,<30k,43.02%
193,2024-08-09,Latin America,Digital,3,20.37,61.11,4.59,13.77,47.34,0.7747,45-54,Female,100-150k,77.47%
194,2024-05-12,North America,Digital,1,20.92,20.92,5.04,5.04,15.88,0.7591,55+,Female,100-150k,75.91%
195,2024-12-16,Latin America,4K UHD,2,40.74,81.48,21.01,42.02,39.46,0.4843,25-34,Female,30-60k,48.43%
196,2024-02-01,North America,DVD,2,21.03,42.06,11.82,23.64,18.42,0.4379,45-54,Male,30-60k,43.79%
197,2024-05-05,Europe,Blu-ray,2,30.14,60.28,14.4,28.8,31.48,0.5222,35-44,Male,30-60k,52.22%
198,2024-02-13,Australia,DVD,1,20.19,20.19,10.91,10.91,9.28,0.4596,35-44,Non-binary,<30k,45.96%
199,2024-05-03,Australia,Blu-ray,3,26.94,80.82,13.57,40.71,40.11,0.4963,35-44,Female,60-100k,49.63%
200,2024-12-17,Europe,Digital,1,20.34,20.34,4.93,4.93,15.41,0.7576,45-54,Male,60-100k,75.76%
201,2024-05-13,Australia,Digital,3,19.43,58.29,5.38,16.14,42.15,0.7231,55+,Female,30-60k,72.31%
202,2024-11-27,Australia,Digital,3,18.65,55.95,4.74,14.22,41.73,0.7458,35-44,Male,60-100k,74.58%
203,2024-06-29,Latin America,Digital,2,17.93,35.86,5.07,10.14,25.72,0.7172,25-34,Male,150k+,71.72%
204,2024-09-12,North America,Blu-ray,1,30.08,30.08,15.55,15.55,14.53,0.483,25-34,Female,<30k,48.3%
205,2024-06-15,Europe,Digital,1,19.54,19.54,4.56,4.56,14.98,0.7666,25-34,Female,30-60k,76.66%
206,2024-04-07,Latin America,DVD,3,22.92,68.76,11.17,33.51,35.25,0.5127,25-34,Male,30-60k,51.27%
207,2024-10-05,Australia,Blu-ray,3,30.68,92.04,14.49,43.47,48.57,0.5277,18-24,Non-binary,<30k,52.77%
208,2024-12-19,Australia,Blu-ray,3,25.72,77.16,15.51,46.53,30.63,0.397,35-44,Female,60-100k,39.7%
209,2024-04-06,Asia,DVD,1,21.06,21.06,11.85,11.85,9.21,0.4373,25-34,Male,60-100k,43.73%
210,2024-10-11,Europe,DVD,2,24.01,48.02,12.56,25.12,22.9,0.4769,25-34,Female,<30k,47.69%
211,2024-04-05,Australia,4K UHD,1,41.71,41.71,21.47,21.47,20.24,0.4853,45-54,Female,<30k,48.53%
212,2024-09-18,Europe,Blu-ray,3,25.85,77.55,15.78,47.34,30.21,0.3896,25-34,Female,100-150k,38.96%
213,2024-10-14,Europe,Blu-ray,2,25.86,51.72,16.48,32.96,18.76,0.3627,35-44,Prefer not to say,30-60k,36.27%
214,2024-06-13,Australia,4K UHD,3,33.39,100.17,21.02,63.06,37.11,0.3705,55+,Female,60-100k,37.05%
215,2024-09-25,Asia,Blu-ray,3,30.44,91.32,16.06,48.18,43.14,0.4724,35-44,Male,60-100k,47.24%
216,2024-04-09,Europe,Digital,3,17.12,51.36,5.33,15.99,35.37,0.6887,25-34,Male,100-150k,68.87%
217,2024-01-29,North America,DVD,2,23.14,46.28,12.55,25.1,21.18,0.4576,25-34,Female,60-100k,45.76%
218,2024-02-05,Asia,Digital,2,20.94,41.88,5.3,10.6,31.28,0.7469,35-44,Prefer not to say,100-150k,74.69%
219,2024-06-12,Australia,Blu-ray,2,24.08,48.16,16.3,32.6,15.56,0.3231,35-44,Male,60-100k,32.31%
220,2024-11-25,Asia,4K UHD,1,37.56,37.56,19.9,19.9,17.66,0.4702,25-34,Male,30-60k,47.02%
221,2024-02-16,Latin America,DVD,1,23.19,23.19,12.33,12.33,10.86,0.4683,35-44,Female,30-60k,46.83%
222,2024-06-15,Europe,DVD,2,25.04,50.08,12.04,24.08,26.0,0.5192,35-44,Male,30-60k,51.92%
223,2024-09-13,Latin America,Digital,3,17.77,53.31,5.35,16.05,37.26,0.6989,25-34,Male,30-60k,69.89%
224,2024-03-14,Latin America,4K UHD,2,36.09,72.18,19.73,39.46,32.72,0.4533,35-44,Female,<30k,45.33%
225,2024-09-20,Latin America,Digital,3,16.83,50.49,5.32,15.96,34.53,0.6839,18-24,Female,30-60k,68.39%
226,2024-04-21,Latin America,Digital,1,19.69,19.69,5.3,5.3,14.39,0.7308,25-34,Female,30-60k,73.08%
227,2024-10-22,Asia,Digital,2,19.91,39.82,5.46,10.92,28.9,0.7258,45-54,Female,<30k,72.58%
228,2024-07-30,Europe,Digital,2,16.67,33.34,4.75,9.5,23.84,0.7151,25-34,Male,30-60k,71.51%
229,2024-07-18,Latin America,DVD,2,22.45,44.9,12.5,25.0,19.9,0.4432,35-44,Non-binary,100-150k,44.32%
230,2024-03-05,Australia,DVD,1,25.57,25.57,12.62,12.62,12.95,0.5065,35-44,Male,60-100k,50.65%
231,2024-06-18,Australia,Digital,1,16.01,16.01,5.44,5.44,10.57,0.6602,25-34,Male,100-150k,66.02%
232,2024-11-08,Europe,Digital,3,17.49,52.47,5.41,16.23,36.24,0.6907,55+,Female,60-100k,69.07%
233,2024-01-08,Latin America,Digital,2,18.77,37.54,5.07,10.14,27.4,0.7299,25-34,Female,100-150k,72.99%
234,2024-10-03,North America,Digital,1,17.66,17.66,5.08,5.08,12.58,0.7123,25-34,Female,100-150k,71.23%
235,2024-06-28,Asia,Digital,1,17.35,17.35,4.67,4.67,12.68,0.7308,55+,Male,<30k,73.08%
236,2024-09-19,Asia,Blu-ray,1,27.44,27.44,16.42,16.42,11.02,0.4016,45-54,Prefer not to say,150k+,40.16%
237,2024-08-30,Europe,Digital,3,16.9,50.7,4.76,14.28,36.42,0.7183,45-54,Female,<30k,71.83%
238,2024-06-06,Australia,Digital,1,18.64,18.64,5.22,5.22,13.42,0.72,18-24,Female,60-100k,72.0%
239,2024-04-22,Australia,Digital,3,19.52,58.56,5.3,15.9,42.66,0.7285,25-34,Non-binary,100-150k,72.85%
240,2024-08-16,North America,DVD,1,23.59,23.59,11.86,11.86,11.73,0.4972,35-44,Male,30-60k,49.72%
241,2024-02-21,Europe,Digital,2,16.46,32.92,4.71,9.42,23.5,0.7139,25-34,Female,60-100k,71.39%
242,2024-08-01,Europe,Digital,1,20.21,20.21,4.69,4.69,15.52,0.7679,25-34,Female,30-60k,76.79%
243,2024-02-04,Australia,Blu-ray,3,25.3,75.9,16.07,48.21,27.69,0.3648,45-54,Female,<30k,36.48%
244,2024-08-25,Asia,Digital,1,19.81,19.81,5.01,5.01,14.8,0.7471,25-34,Female,<30k,74.71%
245,2024-08-17,Latin America,DVD,2,22.24,44.48,11.02,22.04,22.44,0.5045,18-24,Female,<30k,50.45%
246,2024-01-31,Australia,DVD,1,24.88,24.88,12.52,12.52,12.36,0.4968,18-24,Male,<30k,49.68%
247,2024-10-03,Latin America,Digital,1,17.02,17.02,4.75,4.75,12.27,0.7209,35-44,Male,60-100k,72.09%
248,2024-05-31,North America,DVD,1,21.16,21.16,12.9,12.9,8.26,0.3904,35-44,Prefer not to say,60-100k,39.04%
249,2024-10-14,North America,Blu-ray,3,27.72,83.16,14.43,43.29,39.87,0.4794,55+,Prefer not to say,30-60k,47.94%
250,2024-01-16,Europe,Blu-ray,2,24.24,48.48,14.1,28.2,20.28,0.4183,25-34,Prefer not to say,60-100k,41.83%
251,2024-03-06,Europe,Digital,2,17.12,34.24,4.58,9.16,25.08,0.7325,25-34,Male,<30k,73.25%
252,2024-06-29,Latin America,Digital,2,19.61,39.22,5.01,10.02,29.2,0.7445,35-44,Male,30-60k,74.45%
253,2024-03-09,North America,Digital,3,20.18,60.54,4.95,14.85,45.69,0.7547,25-34,Female,100-150k,75.47%
254,2024-04-30,Europe,DVD,2,20.5,41.0,12.6,25.2,15.8,0.3854,35-44,Female,150k+,38.54%
255,2024-08-29,Europe,Blu-ray,2,30.61,61.22,14.89,29.78,31.44,0.5136,55+,Male,30-60k,51.36%
256,2024-02-22,North America,Digital,1,19.98,19.98,4.84,4.84,15.14,0.7578,35-44,Female,<30k,75.78%
257,2024-09-04,North America,Digital,1,20.34,20.34,4.76,4.76,15.58,0.766,35-44,Male,100-150k,76.6%
258,2024-02-07,North America,4K UHD,1,38.97,38.97,19.11,19.11,19.86,0.5096,55+,Female,100-150k,50.96%
259,2024-03-04,Asia,Digital,2,19.36,38.72,5.43,10.86,27.86,0.7195,18-24,Male,30-60k,71.95%
260,2024-08-02,Asia,DVD,1,23.27,23.27,11.2,11.2,12.07,0.5187,55+,Male,30-60k,51.87%
261,2024-10-16,Asia,Blu-ray,1,28.89,28.89,16.46,16.46,12.43,0.4303,35-44,Male,<30k,43.03%
262,2024-03-03,Asia,Digital,1,20.59,20.59,4.83,4.83,15.76,0.7654,35-44,Non-binary,60-100k,76.54%
263,2024-04-19,Latin America,Digital,1,16.49,16.49,4.59,4.59,11.9,0.7216,55+,Female,150k+,72.16%
264,2024-12-03,Australia,Digital,3,17.57,52.71,4.75,14.25,38.46,0.7297,35-44,Non-binary,60-100k,72.97%
265,2024-12-27,Asia,4K UHD,2,32.72,65.44,18.23,36.46,28.98,0.4428,35-44,Female,30-60k,44.28%
266,2024-07-31,Latin America,Digital,3,20.71,62.13,5.29,15.87,46.26,0.7446,25-34,Male,60-100k,74.46%
267,2024-06-12,Latin America,Digital,2,18.22,36.44,5.01,10.02,26.42,0.725,45-54,Male,100-150k,72.5%
268,2024-05-06,Latin America,Digital,3,19.37,58.11,4.84,14.52,43.59,0.7501,35-44,Female,30-60k,75.01%
269,2024-08-11,North America,Digital,1,20.2,20.2,5.16,5.16,15.04,0.7446,25-34,Male,100-150k,74.46%
270,2024-08-03,Australia,DVD,2,26.18,52.36,12.31,24.62,27.74,0.5298,45-54,Female,30-60k,52.98%
271,2024-04-17,North America,Digital,3,16.8,50.4,5.44,16.32,34.08,0.6762,35-44,Female,30-60k,67.62%
272,2024-01-09,Asia,DVD,2,24.99,49.98,13.11,26.22,23.76,0.4754,25-34,Female,60-100k,47.54%
273,2024-02-25,Latin America,DVD,3,25.54,76.62,12.43,37.29,39.33,0.5133,18-24,Male,30-60k,51.33%
274,2024-12-15,Asia,Blu-ray,1,24.36,24.36,15.95,15.95,8.41,0.3452,35-44,Female,150k+,34.52%
275,2024-06-01,Europe,Digital,1,19.76,19.76,5.29,5.29,14.47,0.7323,18-24,Male,60-100k,73.23%
276,2024-06-25,Australia,Blu-ray,3,26.65,79.95,14.97,44.91,35.04,0.4383,18-24,Male,30-60k,43.83%
277,2024-06-19,North America,DVD,1,24.04,24.04,12.49,12.49,11.55,0.4804,35-44,Female,30-60k,48.04%
278,2024-10-12,Europe,Digital,3,18.56,55.68,4.58,13.74,41.94,0.7532,18-24,Female,60-100k,75.32%
279,2024-01-24,Australia,Blu-ray,3,25.94,77.82,15.77,47.31,30.51,0.3921,25-34,Female,30-60k,39.21%
280,2024-01-31,Latin America,Blu-ray,3,25.01,75.03,16.39,49.17,25.86,0.3447,45-54,Male,60-100k,34.47%
281,2024-04-10,North America,Digital,2,16.58,33.16,4.58,9.16,24.0,0.7238,25-34,Prefer not to say,30-60k,72.38%
282,2024-06-26,Latin America,4K UHD,3,33.02,99.06,21.34,64.02,35.04,0.3537,55+,Prefer not to say,30-60k,35.37%
283,2024-09-01,Australia,DVD,1,23.98,23.98,13.04,13.04,10.94,0.4562,55+,Female,60-100k,45.62%
284,2024-06-28,North America,DVD,2,22.19,44.38,11.34,22.68,21.7,0.489,35-44,Female,<30k,48.9%
285,2024-06-10,Asia,4K UHD,1,34.16,34.16,20.1,20.1,14.06,0.4116,55+,Male,60-100k,41.16%
286,2024-12-08,Asia,Digital,3,19.45,58.35,5.43,16.29,42.06,0.7208,55+,Female,60-100k,72.08%
287,2024-02-28,North America,Blu-ray,3,29.14,87.42,16.38,49.14,38.28,0.4379,25-34,Female,30-60k,43.79%
288,2024-07-27,Europe,Digital,3,18.69,56.07,4.63,13.89,42.18,0.7523,45-54,Female,60-100k,75.23%
289,2024-07-16,North America,Blu-ray,3,31.0,93.0,14.55,43.65,49.35,0.5306,25-34,Female,100-150k,53.06%
290,2024-06-21,North America,DVD,1,22.4,22.4,12.48,12.48,9.92,0.4429,45-54,Female,100-150k,44.29%
291,2024-10-21,Asia,Digital,1,20.17,20.17,4.72,4.72,15.45,0.766,35-44,Female,30-60k,76.6%
292,2024-04-07,Asia,DVD,3,20.46,61.38,11.58,34.74,26.64,0.434,18-24,Female,30-60k,43.4%
293,2024-12-14,Europe,Digital,2,19.69,39.38,4.52,9.04,30.34,0.7704,25-34,Male,60-100k,77.04%
294,2024-05-01,Europe,Digital,1,20.93,20.93,4.65,4.65,16.28,0.7778,55+,Male,60-100k,77.78%
295,2024-07-17,North America,Digital,3,20.22,60.66,5.06,15.18,45.48,0.7498,25-34,Female,60-100k,74.98%
296,2024-07-09,Latin America,Digital,3,18.89,56.67,5.15,15.45,41.22,0.7274,25-34,Female,60-100k,72.74%
297,2024-11-06,Europe,Digital,2,19.12,38.24,5.15,10.3,27.94,0.7306,25-34,Female,100-150k,73.06%
298,2024-06-09,Australia,Digital,3,17.76,53.28,5.28,15.84,37.44,0.7027,35-44,Non-binary,<30k,70.27%
299,2024-04-13,Asia,Blu-ray,1,29.09,29.09,14.75,14.75,14.34,0.493,45-54,Female,60-100k,49.3%
300,2024-01-08,Australia,Blu-ray,1,29.77,29.77,14.32,14.32,15.45,0.519,45-54,Male,<30k,51.9%
301,2024-05-12,Latin America,Blu-ray,1,31.48,31.48,13.55,13.55,17.93,0.5696,35-44,Male,30-60k,56.96%
302,2024-10-28,Europe,Digital,2,18.45,36.9,4.71,9.42,27.48,0.7447,25-34,Female,60-100k,74.47%
303,2024-01-04,Latin America,Blu-ray,1,24.45,24.45,14.44,14.44,10.01,0.4094,18-24,Female,30-60k,40.94%
304,2024-11-23,Europe,DVD,1,23.71,23.71,11.23,11.23,12.48,0.5264,35-44,Female,30-60k,52.64%
305,2024-07-17,North America,Digital,3,16.59,49.77,4.52,13.56,36.21,0.7275,45-54,Female,100-150k,72.75%
306,2024-02-21,Europe,Digital,3,17.22,51.66,4.66,13.98,37.68,0.7294,45-54,Female,100-150k,72.94%
307,2024-04-20,Europe,Blu-ray,3,26.46,79.38,15.5,46.5,32.88,0.4142,35-44,Female,60-100k,41.42%
308,2024-07-21,North America,Digital,3,19.65,58.95,5.13,15.39,43.56,0.7389,35-44,Female,150k+,73.89%
309,2024-04-25,North America,DVD,3,21.14,63.42,13.05,39.15,24.27,0.3827,35-44,Male,30-60k,38.27%
310,2024-02-09,Australia,4K UHD,2,33.65,67.3,21.19,42.38,24.92,0.3703,35-44,Female,100-150k,37.03%
311,2024-08-31,Asia,Digital,2,16.22,32.44,5.07,10.14,22.3,0.6874,35-44,Female,<30k,68.74%
312,2024-09-02,Asia,Digital,3,20.36,61.08,4.64,13.92,47.16,0.7721,45-54,Male,30-60k,77.21%
313,2024-02-13,Australia,4K UHD,2,38.93,77.86,20.26,40.52,37.34,0.4796,35-44,Female,30-60k,47.96%
314,2024-04-12,Europe,DVD,1,20.24,20.24,10.95,10.95,9.29,0.459,55+,Female,<30k,45.9%
315,2024-03-30,Asia,Digital,3,16.13,48.39,4.93,14.79,33.6,0.6944,35-44,Female,60-100k,69.44%
316,2024-08-28,Australia,Blu-ray,1,28.18,28.18,14.67,14.67,13.51,0.4794,18-24,Female,<30k,47.94%
317,2024-09-23,Latin America,Blu-ray,3,26.11,78.33,14.78,44.34,33.99,0.4339,25-34,Male,60-100k,43.39%
318,2024-09-22,Europe,DVD,2,23.72,47.44,11.47,22.94,24.5,0.5164,35-44,Male,<30k,51.64%
319,2024-12-08,Europe,DVD,3,22.71,68.13,12.45,37.35,30.78,0.4518,35-44,Male,<30k,45.18%
320,2024-10-07,North America,Digital,1,20.61,20.61,5.34,5.34,15.27,0.7409,35-44,Male,150k+,74.09%
321,2024-04-27,North America,Digital,2,17.43,34.86,5.27,10.54,24.32,0.6976,45-54,Female,60-100k,69.76%
322,2024-02-09,North America,DVD,2,24.23,48.46,12.31,24.62,23.84,0.492,25-34,Female,150k+,49.2%
323,2024-08-12,Latin America,Digital,2,16.26,32.52,5.04,10.08,22.44,0.69,45-54,Female,30-60k,69.0%
324,2024-11-30,Latin America,Blu-ray,1,31.16,31.16,13.59,13.59,17.57,0.5639,45-54,Male,<30k,56.39%
325,2024-12-21,Asia,Blu-ray,3,31.35,94.05,15.67,47.01,47.04,0.5002,35-44,Male,60-100k,50.02%
326,2024-03-25,Latin America,Digital,2,19.69,39.38,5.04,10.08,29.3,0.744,35-44,Male,60-100k,74.4%
327,2024-03-27,North America,DVD,3,22.9,68.7,11.45,34.35,34.35,0.5,25-34,Female,<30k,50.0%
328,2024-01-14,Europe,Digital,2,17.09,34.18,4.83,9.66,24.52,0.7174,35-44,Male,100-150k,71.74%
329,2024-02-21,Europe,Blu-ray,1,30.08,30.08,16.31,16.31,13.77,0.4578,45-54,Female,60-100k,45.78%
330,2024-07-21,Australia,Digital,3,19.67,59.01,5.12,15.36,43.65,0.7397,55+,Female,60-100k,73.97%
331,2024-07-18,Latin America,DVD,1,21.38,21.38,11.94,11.94,9.44,0.4415,35-44,Female,30-60k,44.15%
332,2024-05-15,Australia,DVD,1,22.81,22.81,12.29,12.29,10.52,0.4612,25-34,Male,60-100k,46.12%
333,2024-04-23,Europe,Digital,3,18.3,54.9,4.91,14.73,40.17,0.7317,45-54,Male,30-60k,73.17%
334,2024-10-29,Australia,Blu-ray,3,30.19,90.57,14.91,44.73,45.84,0.5061,45-54,Female,150k+,50.61%
335,2024-06-16,North America,Blu-ray,3,29.12,87.36,14.37,43.11,44.25,0.5065,25-34,Female,30-60k,50.65%
336,2024-10-22,Europe,DVD,2,24.01,48.02,11.86,23.72,24.3,0.506,45-54,Male,<30k,50.6%
337,2024-12-17,Asia,Blu-ray,3,28.86,86.58,15.56,46.68,39.9,0.4608,18-24,Female,<30k,46.08%
338,2024-04-25,North America,4K UHD,1,34.7,34.7,18.16,18.16,16.54,0.4767,18-24,Female,60-100k,47.67%
339,2024-03-14,Australia,DVD,3,22.31,66.93,12.71,38.13,28.8,0.4303,25-34,Female,150k+,43.03%
340,2024-12-13,Australia,DVD,2,20.28,40.56,11.48,22.96,17.6,0.4339,25-34,Male,100-150k,43.39%
341,2024-08-19,Asia,Digital,1,19.92,19.92,5.18,5.18,14.74,0.74,55+,Male,60-100k,74.0%
342,2024-04-16,Europe,Blu-ray,2,27.24,54.48,15.43,30.86,23.62,0.4336,35-44,Male,150k+,43.36%
343,2024-08-14,North America,DVD,2,22.73,45.46,12.37,24.74,20.72,0.4558,25-34,Male,60-100k,45.58%
344,2024-07-06,Latin America,DVD,1,21.52,21.52,12.26,12.26,9.26,0.4303,35-44,Female,30-60k,43.03%
345,2024-11-26,Asia,Digital,2,17.04,34.08,5.46,10.92,23.16,0.6796,25-34,Female,60-100k,67.96%
346,2024-04-03,Latin America,Blu-ray,2,28.4,56.8,15.03,30.06,26.74,0.4708,25-34,Female,<30k,47.08%
347,2024-12-27,Latin America,Digital,1,17.15,17.15,5.23,5.23,11.92,0.695,25-34,Non-binary,30-60k,69.5%
348,2024-12-07,North America,Blu-ray,1,24.47,24.47,15.62,15.62,8.85,0.3617,45-54,Male,30-60k,36.17%
349,2024-03-06,North America,Digital,3,19.83,59.49,4.74,14.22,45.27,0.761,25-34,Male,30-60k,76.1%
350,2024-03-01,Latin America,4K UHD,2,35.76,71.52,19.13,38.26,33.26,0.465,45-54,Female,150k+,46.5%
351,2024-07-13,North America,Digital,2,17.89,35.78,4.92,9.84,25.94,0.725,25-34,Prefer not to say,150k+,72.5%
352,2024-01-17,Australia,Digital,2,18.15,36.3,4.78,9.56,26.74,0.7366,45-54,Female,30-60k,73.66%
353,2024-04-19,North America,Blu-ray,2,30.1,60.2,14.6,29.2,31.0,0.515,45-54,Male,60-100k,51.5%
354,2024-06-07,Latin America,4K UHD,2,35.2,70.4,19.56,39.12,31.28,0.4443,25-34,Male,30-60k,44.43%
355,2024-12-19,Australia,Digital,2,19.78,39.56,5.1,10.2,29.36,0.7422,18-24,Male,<30k,74.22%
356,2024-12-28,Asia,DVD,3,25.86,77.58,11.33,33.99,43.59,0.5619,55+,Female,30-60k,56.19%
357,2024-02-25,North America,Blu-ray,3,28.95,86.85,15.91,47.73,39.12,0.4504,35-44,Female,30-60k,45.04%
358,2024-11-21,Australia,Blu-ray,1,27.23,27.23,14.81,14.81,12.42,0.4561,35-44,Female,30-60k,45.61%
359,2024-02-03,North America,Digital,3,19.73,59.19,5.21,15.63,43.56,0.7359,18-24,Female,30-60k,73.59%
360,2024-09-30,Asia,DVD,3,22.85,68.55,11.0,33.0,35.55,0.5186,25-34,Male,<30k,51.86%
361,2024-11-04,Australia,Blu-ray,1,27.1,27.1,14.91,14.91,12.19,0.4498,35-44,Female,30-60k,44.98%
362,2024-11-21,Latin America,Blu-ray,3,27.93,83.79,13.58,40.74,43.05,0.5138,55+,Male,150k+,51.38%
363,2024-03-22,North America,Blu-ray,2,26.37,52.74,15.53,31.06,21.68,0.4111,25-34,Female,<30k,41.11%
364,2024-11-22,Australia,DVD,3,20.64,61.92,11.62,34.86,27.06,0.437,45-54,Female,30-60k,43.7%
365,2024-02-12,North America,Digital,2,18.07,36.14,5.45,10.9,25.24,0.6984,45-54,Female,60-100k,69.84%
366,2024-07-08,Latin America,4K UHD,3,33.23,99.69,19.3,57.9,41.79,0.4192,25-34,Male,30-60k,41.92%
367,2024-06-20,Latin America,Blu-ray,1,27.07,27.07,15.19,15.19,11.88,0.4389,25-34,Female,60-100k,43.89%
368,2024-04-25,Europe,Blu-ray,1,28.17,28.17,14.27,14.27,13.9,0.4934,25-34,Female,<30k,49.34%
369,2024-01-09,Asia,Digital,3,20.64,61.92,5.12,15.36,46.56,0.7519,35-44,Male,60-100k,75.19%
370,2024-10-08,North America,Digital,2,16.17,32.34,4.97,9.94,22.4,0.6926,35-44,Male,60-100k,69.26%
371,2024-05-02,Australia,Blu-ray,2,28.65,57.3,14.61,29.22,28.08,0.4901,35-44,Female,60-100k,49.01%
372,2024-08-29,Europe,Digital,1,18.28,18.28,4.7,4.7,13.58,0.7429,25-34,Male,60-100k,74.29%
373,2024-05-29,Europe,4K UHD,1,32.19,32.19,18.45,18.45,13.74,0.4268,45-54,Male,30-60k,42.68%
374,2024-05-16,Asia,Digital,3,17.24,51.72,4.62,13.86,37.86,0.732,35-44,Male,30-60k,73.2%
375,2024-11-19,Latin America,Blu-ray,1,24.88,24.88,16.5,16.5,8.38,0.3368,35-44,Male,30-60k,33.68%
376,2024-02-04,Asia,Blu-ray,2,25.62,51.24,14.74,29.48,21.76,0.4247,35-44,Female,60-100k,42.47%
377,2024-09-25,Asia,Digital,1,17.36,17.36,4.5,4.5,12.86,0.7408,25-34,Female,<30k,74.08%
378,2024-09-29,Asia,Digital,1,18.0,18.0,5.45,5.45,12.55,0.6972,45-54,Male,30-60k,69.72%
379,2024-05-18,Australia,DVD,1,23.3,23.3,10.85,10.85,12.45,0.5343,25-34,Female,60-100k,53.43%
380,2024-04-05,Europe,DVD,3,20.0,60.0,11.8,35.4,24.6,0.41,25-34,Male,<30k,41.0%
381,2024-01-02,Australia,DVD,3,21.0,63.0,12.52,37.56,25.44,0.4038,25-34,Male,<30k,40.38%
382,2024-12-07,Latin America,DVD,1,20.58,20.58,13.0,13.0,7.58,0.3683,35-44,Male,60-100k,36.83%
383,2024-12-11,Australia,4K UHD,2,37.49,74.98,20.85,41.7,33.28,0.4439,35-44,Female,30-60k,44.39%
384,2024-03-28,Australia,DVD,2,22.05,44.1,11.91,23.82,20.28,0.4599,25-34,Prefer not to say,100-150k,45.99%
385,2024-01-12,Latin America,Digital,2,18.73,37.46,5.47,10.94,26.52,0.708,55+,Female,150k+,70.8%
386,2024-02-14,Europe,Digital,3,17.1,51.3,4.54,13.62,37.68,0.7345,45-54,Male,150k+,73.45%
387,2024-01-25,Latin America,Digital,1,16.11,16.11,5.49,5.49,10.62,0.6592,25-34,Male,30-60k,65.92%
388,2024-10-30,Latin America,Digital,1,20.7,20.7,5.35,5.35,15.35,0.7415,45-54,Male,30-60k,74.15%
389,2024-11-21,Europe,Digital,2,16.53,33.06,5.43,10.86,22.2,0.6715,25-34,Female,60-100k,67.15%
390,2024-02-25,Latin America,Blu-ray,2,24.94,49.88,14.26,28.52,21.36,0.4282,55+,Male,60-100k,42.82%
391,2024-09-29,Europe,Digital,1,16.72,16.72,4.64,4.64,12.08,0.7225,25-34,Prefer not to say,60-100k,72.25%
392,2024-03-06,Asia,4K UHD,3,41.8,125.4,20.65,61.95,63.45,0.506,25-34,Female,30-60k,50.6%
393,2024-05-14,Latin America,Digital,1,19.08,19.08,5.02,5.02,14.06,0.7369,35-44,Female,<30k,73.69%
394,2024-08-06,North America,Digital,1,19.04,19.04,5.02,5.02,14.02,0.7363,25-34,Female,30-60k,73.63%
395,2024-09-19,Europe,Blu-ray,2,31.39,62.78,16.27,32.54,30.24,0.4817,45-54,Male,<30k,48.17%
396,2024-11-15,Latin America,Blu-ray,2,24.66,49.32,15.36,30.72,18.6,0.3771,35-44,Female,<30k,37.71%
397,2024-01-17,Asia,Digital,1,20.86,20.86,4.81,4.81,16.05,0.7694,25-34,Male,150k+,76.94%
398,2024-03-12,Australia,Digital,1,17.01,17.01,4.9,4.9,12.11,0.7119,35-44,Female,<30k,71.19%
399,2024-04-12,North America,Digital,1,19.11,19.11,4.63,4.63,14.48,0.7577,55+,Female,60-100k,75.77%
400,2024-04-23,Latin America,DVD,2,22.62,45.24,11.26,22.52,22.72,0.5022,45-54,Male,150k+,50.22%
401,2024-12-30,Australia,DVD,2,22.39,44.78,11.14,22.28,22.5,0.5025,35-44,Female,30-60k,50.25%
402,2024-10-10,Australia,Digital,1,20.65,20.65,5.31,5.31,15.34,0.7429,25-34,Male,60-100k,74.29%
403,2024-04-26,North America,Digital,2,16.74,33.48,5.2,10.4,23.08,0.6894,25-34,Male,60-100k,68.94%
404,2024-12-20,Australia,DVD,3,26.22,78.66,12.07,36.21,42.45,0.5397,55+,Female,30-60k,53.97%
405,2024-07-01,Europe,4K UHD,1,35.78,35.78,19.5,19.5,16.28,0.455,45-54,Female,30-60k,45.5%
406,2024-07-01,Europe,Blu-ray,3,28.86,86.58,15.51,46.53,40.05,0.4626,35-44,Female,100-150k,46.26%
407,2024-06-07,Europe,DVD,1,26.04,26.04,12.75,12.75,13.29,0.5104,55+,Female,60-100k,51.04%
408,2024-02-22,Latin America,Digital,1,16.28,16.28,5.38,5.38,10.9,0.6695,25-34,Female,100-150k,66.95%
409,2024-12-07,Latin America,Digital,1,20.6,20.6,5.05,5.05,15.55,0.7549,45-54,Male,150k+,75.49%
410,2024-01-06,Asia,Digital,1,18.83,18.83,5.32,5.32,13.51,0.7175,25-34,Male,30-60k,71.75%
411,2024-03-04,North America,Blu-ray,1,29.27,29.27,15.03,15.03,14.24,0.4865,25-34,Prefer not to say,60-100k,48.65%
412,2024-03-24,Australia,Blu-ray,2,25.11,50.22,14.92,29.84,20.38,0.4058,35-44,Male,60-100k,40.58%
413,2024-04-11,Europe,4K UHD,2,37.32,74.64,21.46,42.92,31.72,0.425,25-34,Female,60-100k,42.5%
414,2024-02-18,North America,4K UHD,3,38.73,116.19,19.55,58.65,57.54,0.4952,55+,Male,60-100k,49.52%
415,2024-01-07,Asia,4K UHD,2,36.55,73.1,19.58,39.16,33.94,0.4643,25-34,Male,60-100k,46.43%
416,2024-09-04,Asia,4K UHD,2,33.54,67.08,19.22,38.44,28.64,0.427,45-54,Female,100-150k,42.7%
417,2024-12-19,Latin America,Digital,2,17.21,34.42,5.02,10.04,24.38,0.7083,45-54,Female,30-60k,70.83%
418,2024-02-14,Australia,Digital,1,20.26,20.26,5.04,5.04,15.22,0.7512,45-54,Female,60-100k,75.12%
419,2024-04-18,North America,Digital,3,16.16,48.48,5.16,15.48,33.0,0.6807,55+,Female,30-60k,68.07%
420,2024-07-03,Europe,DVD,1,24.42,24.42,11.83,11.83,12.59,0.5156,35-44,Male,60-100k,51.56%
421,2024-12-04,Asia,Digital,3,20.99,62.97,4.72,14.16,48.81,0.7751,25-34,Female,100-150k,77.51%
422,2024-09-10,Latin America,Blu-ray,3,24.05,72.15,16.1,48.3,23.85,0.3306,25-34,Male,100-150k,33.06%
423,2024-10-06,Latin America,DVD,3,21.0,63.0,11.63,34.89,28.11,0.4462,25-34,Female,30-60k,44.62%
424,2024-07-31,Europe,DVD,2,24.2,48.4,13.02,26.04,22.36,0.462,55+,Male,60-100k,46.2%
425,2024-06-01,Latin America,Digital,1,16.29,16.29,4.71,4.71,11.58,0.7109,35-44,Female,30-60k,71.09%
426,2024-03-13,Australia,Digital,3,18.94,56.82,5.06,15.18,41.64,0.7328,25-34,Male,<30k,73.28%
427,2024-11-11,Asia,Digital,1,19.41,19.41,5.04,5.04,14.37,0.7403,25-34,Female,30-60k,74.03%
428,2024-10-20,Australia,Blu-ray,2,28.4,56.8,15.99,31.98,24.82,0.437,35-44,Female,150k+,43.7%
429,2024-01-10,Latin America,DVD,3,22.27,66.81,11.13,33.39,33.42,0.5002,45-54,Female,30-60k,50.02%
430,2024-09-18,Europe,Blu-ray,3,29.22,87.66,16.23,48.69,38.97,0.4446,25-34,Male,150k+,44.46%
431,2024-01-31,Europe,Digital,3,18.96,56.88,5.03,15.09,41.79,0.7347,45-54,Prefer not to say,30-60k,73.47%
432,2024-09-26,Latin America,Digital,1,17.03,17.03,5.09,5.09,11.94,0.7011,35-44,Male,60-100k,70.11%
433,2024-10-28,Europe,DVD,3,23.51,70.53,12.02,36.06,34.47,0.4887,45-54,Male,60-100k,48.87%
434,2024-02-17,Europe,Blu-ray,1,30.6,30.6,13.61,13.61,16.99,0.5552,25-34,Male,60-100k,55.52%
435,2024-06-07,Europe,Blu-ray,2,28.99,57.98,14.99,29.98,28.0,0.4829,35-44,Male,60-100k,48.29%
436,2024-02-15,Latin America,Digital,3,18.35,55.05,4.76,14.28,40.77,0.7406,25-34,Female,60-100k,74.06%
437,2024-07-26,Europe,4K UHD,2,35.21,70.42,19.37,38.74,31.68,0.4499,25-34,Male,150k+,44.99%
438,2024-12-04,Latin America,Digital,3,16.42,49.26,5.15,15.45,33.81,0.6864,45-54,Male,60-100k,68.64%
439,2024-01-30,Australia,Blu-ray,2,25.83,51.66,14.99,29.98,21.68,0.4197,35-44,Female,<30k,41.97%
440,2024-05-25,Australia,Digital,1,16.05,16.05,4.59,4.59,11.46,0.714,25-34,Female,30-60k,71.4%
441,2024-12-21,Australia,Digital,1,20.92,20.92,4.57,4.57,16.35,0.7815,55+,Female,60-100k,78.15%
442,2024-04-19,North America,Blu-ray,2,25.66,51.32,14.06,28.12,23.2,0.4521,18-24,Female,30-60k,45.21%
443,2024-02-18,Asia,Digital,3,20.06,60.18,4.69,14.07,46.11,0.7662,35-44,Male,60-100k,76.62%
444,2024-06-27,Europe,DVD,2,21.05,42.1,12.26,24.52,17.58,0.4176,55+,Female,60-100k,41.76%
445,2024-07-04,Australia,DVD,3,21.76,65.28,11.23,33.69,31.59,0.4839,35-44,Male,30-60k,48.39%
446,2024-08-29,Latin America,Digital,2,18.08,36.16,5.38,10.76,25.4,0.7024,45-54,Male,100-150k,70.24%
447,2024-04-24,Europe,Blu-ray,1,26.42,26.42,14.13,14.13,12.29,0.4652,35-44,Male,60-100k,46.52%
448,2024-12-14,Asia,Blu-ray,1,29.98,29.98,13.77,13.77,16.21,0.5407,45-54,Female,60-100k,54.07%
449,2024-07-09,Latin America,Blu-ray,2,31.17,62.34,16.13,32.26,30.08,0.4825,45-54,Male,60-100k,48.25%
450,2024-04-14,Asia,Digital,3,20.37,61.11,4.8,14.4,46.71,0.7644,45-54,Female,100-150k,76.44%
451,2024-12-16,Asia,DVD,3,20.95,62.85,11.82,35.46,27.39,0.4358,25-34,Male,60-100k,43.58%
452,2024-12-03,North America,Digital,1,19.87,19.87,5.46,5.46,14.41,0.7252,45-54,Female,150k+,72.52%
453,2024-07-01,Asia,Digital,2,16.73,33.46,5.44,10.88,22.58,0.6748,25-34,Female,<30k,67.48%
454,2024-01-10,Europe,Digital,3,20.56,61.68,5.21,15.63,46.05,0.7466,55+,Male,60-100k,74.66%
455,2024-08-05,Australia,4K UHD,2,37.17,74.34,18.28,36.56,37.78,0.5082,25-34,Male,60-100k,50.82%
456,2024-07-21,Australia,Blu-ray,1,26.51,26.51,15.28,15.28,11.23,0.4236,25-34,Female,30-60k,42.36%
457,2024-02-24,Latin America,Blu-ray,2,25.17,50.34,16.47,32.94,17.4,0.3456,55+,Female,30-60k,34.56%
458,2024-08-19,North America,DVD,1,20.07,20.07,13.07,13.07,7.0,0.3488,25-34,Male,60-100k,34.88%
459,2024-11-02,Australia,DVD,1,21.54,21.54,11.05,11.05,10.49,0.487,25-34,Female,30-60k,48.7%
460,2024-02-08,Europe,DVD,2,25.7,51.4,11.75,23.5,27.9,0.5428,45-54,Male,150k+,54.28%
461,2024-09-21,Asia,DVD,1,24.97,24.97,11.56,11.56,13.41,0.537,25-34,Male,30-60k,53.7%
462,2024-02-21,Australia,DVD,2,26.05,52.1,11.11,22.22,29.88,0.5735,25-34,Male,<30k,57.35%
463,2024-09-30,Australia,Digital,2,16.5,33.0,5.19,10.38,22.62,0.6855,35-44,Female,60-100k,68.55%
464,2024-06-01,North America,Digital,2,18.95,37.9,4.77,9.54,28.36,0.7483,25-34,Male,30-60k,74.83%
465,2024-01-03,Europe,4K UHD,2,34.56,69.12,19.38,38.76,30.36,0.4392,25-34,Female,<30k,43.92%
466,2024-12-18,Latin America,DVD,1,23.38,23.38,11.02,11.02,12.36,0.5287,18-24,Male,60-100k,52.87%
467,2024-03-01,Asia,4K UHD,3,35.2,105.6,19.99,59.97,45.63,0.4321,25-34,Female,60-100k,43.21%
468,2024-08-05,Europe,Digital,3,17.41,52.23,4.66,13.98,38.25,0.7323,25-34,Male,<30k,73.23%
469,2024-03-07,Asia,DVD,3,23.58,70.74,11.84,35.52,35.22,0.4979,18-24,Female,60-100k,49.79%
470,2024-12-06,Australia,Digital,3,16.91,50.73,4.64,13.92,36.81,0.7256,35-44,Female,60-100k,72.56%
471,2024-09-26,Europe,Digital,2,18.34,36.68,5.45,10.9,25.78,0.7028,35-44,Male,100-150k,70.28%
472,2024-10-20,Latin America,Digital,3,19.24,57.72,4.64,13.92,43.8,0.7588,18-24,Male,30-60k,75.88%
473,2024-06-06,Latin America,Digital,2,16.63,33.26,5.02,10.04,23.22,0.6981,25-34,Female,30-60k,69.81%
474,2024-06-19,Australia,4K UHD,1,41.3,41.3,18.79,18.79,22.51,0.545,55+,Prefer not to say,150k+,54.5%
475,2024-08-19,Europe,Digital,3,18.52,55.56,4.58,13.74,41.82,0.7527,35-44,Prefer not to say,60-100k,75.27%
476,2024-10-13,Europe,DVD,1,25.11,25.11,11.29,11.29,13.82,0.5504,35-44,Male,<30k,55.04%
477,2024-11-05,Asia,DVD,3,24.08,72.24,10.93,32.79,39.45,0.5461,35-44,Female,100-150k,54.61%
478,2024-01-07,Asia,DVD,2,24.43,48.86,11.13,22.26,26.6,0.5444,25-34,Male,<30k,54.44%
479,2024-08-30,Asia,DVD,3,24.47,73.41,11.98,35.94,37.47,0.5104,45-54,Male,100-150k,51.04%
480,2024-02-09,Latin America,Digital,2,20.37,40.74,5.15,10.3,30.44,0.7472,55+,Female,60-100k,74.72%
481,2024-04-15,Latin America,4K UHD,2,38.13,76.26,18.35,36.7,39.56,0.5188,55+,Female,150k+,51.88%
482,2024-10-29,Europe,Blu-ray,1,26.08,26.08,14.82,14.82,11.26,0.4317,25-34,Female,150k+,43.17%
483,2024-04-01,Latin America,Blu-ray,3,24.74,74.22,15.24,45.72,28.5,0.384,25-34,Female,30-60k,38.4%
484,2024-10-17,Europe,DVD,1,23.78,23.78,11.36,11.36,12.42,0.5223,25-34,Male,100-150k,52.23%
485,2024-06-17,Asia,Digital,2,16.32,32.64,4.87,9.74,22.9,0.7016,25-34,Female,30-60k,70.16%
486,2024-03-25,North America,4K UHD,2,34.4,68.8,18.29,36.58,32.22,0.4683,25-34,Male,60-100k,46.83%
487,2024-05-01,Europe,Digital,2,16.3,32.6,4.72,9.44,23.16,0.7104,35-44,Male,60-100k,71.04%
488,2024-07-12,Australia,Digital,1,18.74,18.74,4.97,4.97,13.77,0.7348,25-34,Male,<30k,73.48%
489,2024-10-06,Asia,Digital,2,16.79,33.58,5.49,10.98,22.6,0.673,55+,Prefer not to say,<30k,67.3%
490,2024-08-09,Latin America,Blu-ray,2,28.57,57.14,16.49,32.98,24.16,0.4228,25-34,Female,<30k,42.28%
491,2024-12-06,North America,DVD,1,24.93,24.93,13.15,13.15,11.78,0.4725,18-24,Male,<30k,47.25%
492,2024-11-12,Latin America,Blu-ray,1,30.15,30.15,14.77,14.77,15.38,0.5101,55+,Female,30-60k,51.01%
493,2024-10-01,Europe,Blu-ray,3,26.31,78.93,13.74,41.22,37.71,0.4778,45-54,Prefer not to say,150k+,47.78%
494,2024-08-08,Latin America,Digital,1,18.74,18.74,4.82,4.82,13.92,0.7428,25-34,Non-binary,60-100k,74.28%
495,2024-04-15,Australia,4K UHD,1,37.62,37.62,18.95,18.95,18.67,0.4963,35-44,Female,100-150k,49.63%
496,2024-05-30,Asia,DVD,2,22.95,45.9,10.83,21.66,24.24,0.5281,25-34,Male,100-150k,52.81%
497,2024-02-13,North America,DVD,1,24.08,24.08,11.03,11.03,13.05,0.5419,25-34,Female,60-100k,54.19%
498,2024-05-16,Asia,Digital,2,17.04,34.08,4.95,9.9,24.18,0.7095,35-44,Female,30-60k,70.95%
499,2024-12-04,North America,4K UHD,1,41.78,41.78,19.36,19.36,22.42,0.5366,25-34,Female,100-150k,53.66%
500,2024-06-04,Asia,Digital,2,16.48,32.96,4.68,9.36,23.6,0.716,35-44,Female,60-100k,71.6%
501,2024-02-11,North America,Digital,3,20.14,60.42,5.22,15.66,44.76,0.7408,25-34,Female,60-100k,74.08%
502,2024-08-25,Latin America,DVD,2,23.7,47.4,11.66,23.32,24.08,0.508,45-54,Male,150k+,50.8%
503,2024-12-17,Europe,Digital,3,17.22,51.66,5.35,16.05,35.61,0.6893,45-54,Female,60-100k,68.93%
504,2024-11-12,Europe,Digital,3,19.72,59.16,4.74,14.22,44.94,0.7596,25-34,Male,60-100k,75.96%
505,2024-04-10,North America,DVD,1,20.52,20.52,12.09,12.09,8.43,0.4108,18-24,Male,100-150k,41.08%
506,2024-06-14,Australia,Digital,2,19.86,39.72,4.68,9.36,30.36,0.7644,35-44,Female,30-60k,76.44%
507,2024-07-12,Australia,4K UHD,1,37.89,37.89,19.98,19.98,17.91,0.4727,45-54,Female,100-150k,47.27%
508,2024-03-31,Australia,Digital,2,16.55,33.1,4.65,9.3,23.8,0.719,45-54,Female,<30k,71.9%
509,2024-04-08,North America,Blu-ray,1,24.59,24.59,13.98,13.98,10.61,0.4315,45-54,Female,<30k,43.15%
510,2024-03-27,Europe,DVD,3,24.68,74.04,12.27,36.81,37.23,0.5028,35-44,Female,60-100k,50.28%
511,2024-12-29,Australia,Blu-ray,1,26.19,26.19,14.29,14.29,11.9,0.4544,25-34,Female,<30k,45.44%
512,2024-09-29,Asia,DVD,2,25.55,51.1,11.21,22.42,28.68,0.5613,35-44,Female,150k+,56.13%
513,2024-11-02,North America,DVD,1,24.75,24.75,13.03,13.03,11.72,0.4735,25-34,Male,<30k,47.35%
514,2024-10-25,North America,4K UHD,3,38.97,116.91,18.17,54.51,62.4,0.5337,45-54,Female,60-100k,53.37%
515,2024-12-16,Europe,Digital,3,17.38,52.14,5.07,15.21,36.93,0.7083,25-34,Male,30-60k,70.83%
516,2024-02-08,Australia,Digital,3,19.53,58.59,5.05,15.15,43.44,0.7414,25-34,Male,150k+,74.14%
517,2024-11-17,North America,Blu-ray,2,31.1,62.2,14.25,28.5,33.7,0.5418,35-44,Male,30-60k,54.18%
518,2024-01-25,Australia,Blu-ray,1,24.68,24.68,14.86,14.86,9.82,0.3979,35-44,Female,<30k,39.79%
519,2024-06-22,Latin America,Digital,3,17.62,52.86,4.59,13.77,39.09,0.7395,35-44,Female,<30k,73.95%
520,2024-08-04,Australia,DVD,2,21.46,42.92,12.53,25.06,17.86,0.4161,35-44,Non-binary,60-100k,41.61%
521,2024-05-10,Australia,Blu-ray,3,26.94,80.82,14.17,42.51,38.31,0.474,55+,Prefer not to say,150k+,47.4%
522,2024-02-23,Europe,Blu-ray,3,29.56,88.68,14.08,42.24,46.44,0.5237,45-54,Female,150k+,52.37%
523,2024-03-11,Australia,4K UHD,2,36.73,73.46,19.26,38.52,34.94,0.4756,55+,Male,30-60k,47.56%
524,2024-10-28,North America,DVD,3,23.56,70.68,12.97,38.91,31.77,0.4495,35-44,Female,30-60k,44.95%
525,2024-04-26,Europe,Blu-ray,3,26.35,79.05,15.89,47.67,31.38,0.397,35-44,Female,<30k,39.7%
526,2024-04-23,Europe,Digital,2,16.7,33.4,5.45,10.9,22.5,0.6737,35-44,Female,60-100k,67.37%
527,2024-12-03,North America,4K UHD,1,34.66,34.66,20.61,20.61,14.05,0.4054,35-44,Male,60-100k,40.54%
528,2024-02-22,North America,Digital,1,20.29,20.29,5.16,5.16,15.13,0.7457,25-34,Male,30-60k,74.57%
529,2024-11-30,North America,Blu-ray,2,28.51,57.02,14.94,29.88,27.14,0.476,35-44,Non-binary,60-100k,47.6%
530,2024-12-02,North America,DVD,2,22.35,44.7,12.97,25.94,18.76,0.4197,18-24,Male,100-150k,41.97%
531,2024-08-06,Europe,DVD,1,24.93,24.93,12.03,12.03,12.9,0.5174,18-24,Male,<30k,51.74%
532,2024-03-01,North America,Blu-ray,1,24.48,24.48,14.57,14.57,9.91,0.4048,55+,Female,30-60k,40.48%
533,2024-02-26,North America,DVD,3,21.58,64.74,12.34,37.02,27.72,0.4282,18-24,Male,30-60k,42.82%
534,2024-04-13,Australia,4K UHD,3,34.29,102.87,20.18,60.54,42.33,0.4115,35-44,Male,<30k,41.15%
535,2024-07-29,North America,DVD,1,26.15,26.15,11.1,11.1,15.05,0.5755,35-44,Prefer not to say,<30k,57.55%
536,2024-02-26,North America,DVD,2,24.4,48.8,11.74,23.48,25.32,0.5189,25-34,Female,60-100k,51.89%
537,2024-06-15,North America,Digital,1,19.08,19.08,4.81,4.81,14.27,0.7479,55+,Non-binary,<30k,74.79%
538,2024-02-12,North America,DVD,3,20.02,60.06,12.83,38.49,21.57,0.3591,25-34,Male,60-100k,35.91%
539,2024-07-16,Asia,DVD,3,21.14,63.42,11.71,35.13,28.29,0.4461,55+,Male,100-150k,44.61%
540,2024-01-08,Australia,Digital,3,19.17,57.51,5.32,15.96,41.55,0.7225,45-54,Male,150k+,72.25%
541,2024-09-15,Latin America,Digital,2,17.89,35.78,4.94,9.88,25.9,0.7239,25-34,Female,60-100k,72.39%
542,2024-01-21,Asia,Blu-ray,2,30.92,61.84,15.76,31.52,30.32,0.4903,25-34,Male,<30k,49.03%
543,2024-03-12,North America,Blu-ray,3,29.73,89.19,13.91,41.73,47.46,0.5321,25-34,Female,<30k,53.21%
544,2024-03-04,Latin America,Blu-ray,2,27.35,54.7,16.27,32.54,22.16,0.4051,25-34,Prefer not to say,30-60k,40.51%
545,2024-10-30,North America,Digital,2,19.74,39.48,4.98,9.96,29.52,0.7477,25-34,Female,150k+,74.77%
546,2024-01-20,Latin America,Digital,3,20.87,62.61,4.76,14.28,48.33,0.7719,55+,Male,150k+,77.19%
547,2024-06-05,Asia,Digital,2,18.3,36.6,4.74,9.48,27.12,0.741,25-34,Male,30-60k,74.1%
548,2024-08-03,Australia,Blu-ray,3,28.81,86.43,14.3,42.9,43.53,0.5036,45-54,Male,30-60k,50.36%
549,2024-07-07,Europe,Blu-ray,2,30.88,61.76,14.6,29.2,32.56,0.5272,25-34,Male,60-100k,52.72%
550,2024-09-05,Latin America,Digital,3,17.23,51.69,5.22,15.66,36.03,0.697,55+,Female,30-60k,69.7%
551,2024-10-20,Asia,Blu-ray,1,30.64,30.64,16.35,16.35,14.29,0.4664,25-34,Male,150k+,46.64%
552,2024-05-23,Asia,Digital,1,16.48,16.48,5.17,5.17,11.31,0.6863,35-44,Female,30-60k,68.63%
553,2024-10-29,Australia,Digital,1,19.23,19.23,5.05,5.05,14.18,0.7374,35-44,Female,30-60k,73.74%
554,2024-04-26,Latin America,Digital,2,19.9,39.8,4.95,9.9,29.9,0.7513,25-34,Male,30-60k,75.13%
555,2024-12-25,Asia,Digital,3,19.06,57.18,5.33,15.99,41.19,0.7204,45-54,Male,<30k,72.04%
556,2024-07-03,Asia,Blu-ray,1,27.71,27.71,16.05,16.05,11.66,0.4208,25-34,Male,30-60k,42.08%
557,2024-09-25,Latin America,4K UHD,1,38.16,38.16,19.17,19.17,18.99,0.4976,35-44,Male,100-150k,49.76%
558,2024-11-15,Europe,Digital,3,16.75,50.25,5.45,16.35,33.9,0.6746,35-44,Female,<30k,67.46%
559,2024-10-16,North America,DVD,3,21.34,64.02,11.75,35.25,28.77,0.4494,35-44,Female,60-100k,44.94%
560,2024-11-06,Asia,Blu-ray,2,26.02,52.04,15.9,31.8,20.24,0.3889,18-24,Female,30-60k,38.89%
561,2024-07-14,North America,4K UHD,2,37.97,75.94,21.87,43.74,32.2,0.424,25-34,Female,<30k,42.4%
562,2024-01-16,North America,DVD,2,22.75,45.5,12.49,24.98,20.52,0.451,25-34,Male,<30k,45.1%
563,2024-06-28,Asia,Digital,1,17.21,17.21,4.66,4.66,12.55,0.7292,25-34,Male,30-60k,72.92%
564,2024-03-07,Latin America,DVD,1,25.51,25.51,12.21,12.21,13.3,0.5214,25-34,Male,<30k,52.14%
565,2024-11-20,Latin America,Digital,3,17.86,53.58,4.62,13.86,39.72,0.7413,55+,Male,30-60k,74.13%
566,2024-03-27,Europe,4K UHD,2,36.45,72.9,21.16,42.32,30.58,0.4195,35-44,Female,100-150k,41.95%
567,2024-03-24,Asia,Digital,3,18.04,54.12,4.78,14.34,39.78,0.735,35-44,Female,60-100k,73.5%
568,2024-04-01,North America,Blu-ray,3,25.36,76.08,15.59,46.77,29.31,0.3853,25-34,Male,150k+,38.53%
569,2024-08-22,Latin America,Digital,1,19.65,19.65,5.41,5.41,14.24,0.7247,25-34,Male,30-60k,72.47%
570,2024-07-27,Europe,DVD,1,22.79,22.79,11.23,11.23,11.56,0.5072,35-44,Male,60-100k,50.72%
571,2024-12-12,Latin America,Blu-ray,3,24.11,72.33,14.68,44.04,28.29,0.3911,25-34,Non-binary,60-100k,39.11%
572,2024-05-31,Australia,DVD,1,26.01,26.01,12.35,12.35,13.66,0.5252,25-34,Male,30-60k,52.52%
573,2024-04-13,Latin America,DVD,2,25.09,50.18,11.81,23.62,26.56,0.5293,35-44,Male,30-60k,52.93%
574,2024-01-18,Europe,4K UHD,3,39.23,117.69,18.7,56.1,61.59,0.5233,35-44,Male,60-100k,52.33%
575,2024-01-03,Australia,Blu-ray,3,30.51,91.53,13.59,40.77,50.76,0.5546,55+,Female,100-150k,55.46%
576,2024-05-16,Latin America,Digital,3,20.52,61.56,4.91,14.73,46.83,0.7607,25-34,Female,30-60k,76.07%
577,2024-12-03,Latin America,DVD,1,22.1,22.1,12.36,12.36,9.74,0.4407,35-44,Female,30-60k,44.07%
578,2024-07-10,Australia,DVD,1,23.81,23.81,12.18,12.18,11.63,0.4885,25-34,Male,150k+,48.85%
579,2024-11-22,Australia,DVD,1,23.8,23.8,11.17,11.17,12.63,0.5307,25-34,Male,<30k,53.07%
580,2024-02-07,North America,Digital,1,17.33,17.33,4.95,4.95,12.38,0.7144,45-54,Female,150k+,71.44%
581,2024-02-04,Australia,Digital,1,17.1,17.1,4.87,4.87,12.23,0.7152,25-34,Male,100-150k,71.52%
582,2024-10-31,Latin America,4K UHD,3,33.13,99.39,19.1,57.3,42.09,0.4235,35-44,Male,100-150k,42.35%
583,2024-02-08,Europe,4K UHD,1,38.58,38.58,20.92,20.92,17.66,0.4578,35-44,Female,100-150k,45.78%
584,2024-01-19,Europe,Blu-ray,3,29.85,89.55,14.43,43.29,46.26,0.5166,18-24,Male,30-60k,51.66%
585,2024-05-27,Latin America,4K UHD,2,39.6,79.2,20.16,40.32,38.88,0.4909,55+,Male,60-100k,49.09%
586,2024-12-03,Europe,Blu-ray,2,26.36,52.72,16.27,32.54,20.18,0.3828,35-44,Female,100-150k,38.28%
587,2024-09-08,Asia,Blu-ray,1,25.53,25.53,15.12,15.12,10.41,0.4078,45-54,Female,60-100k,40.78%
588,2024-02-06,Latin America,Blu-ray,1,27.39,27.39,15.35,15.35,12.04,0.4396,35-44,Male,30-60k,43.96%
589,2024-11-01,Latin America,DVD,2,23.41,46.82,10.98,21.96,24.86,0.531,55+,Male,<30k,53.1%
590,2024-11-03,Australia,DVD,1,25.73,25.73,11.23,11.23,14.5,0.5635,25-34,Female,30-60k,56.35%
591,2024-10-19,North America,Digital,3,20.36,61.08,4.6,13.8,47.28,0.7741,35-44,Male,30-60k,77.41%
592,2024-11-25,Europe,DVD,1,25.72,25.72,12.64,12.64,13.08,0.5086,45-54,Male,60-100k,50.86%
593,2024-03-28,Australia,Digital,1,20.24,20.24,5.34,5.34,14.9,0.7362,25-34,Female,100-150k,73.62%
594,2024-12-23,Asia,Digital,3,20.81,62.43,4.69,14.07,48.36,0.7746,25-34,Female,100-150k,77.46%
595,2024-04-27,Europe,DVD,2,22.9,45.8,11.33,22.66,23.14,0.5052,55+,Prefer not to say,60-100k,50.52%
596,2024-10-19,Europe,DVD,1,20.29,20.29,11.58,11.58,8.71,0.4293,35-44,Male,30-60k,42.93%
597,2024-07-30,Europe,Digital,3,16.41,49.23,5.09,15.27,33.96,0.6898,45-54,Male,30-60k,68.98%
598,2024-10-11,Asia,Blu-ray,1,26.92,26.92,15.37,15.37,11.55,0.429,35-44,Female,30-60k,42.9%
599,2024-08-17,Europe,Blu-ray,3,25.92,77.76,15.56,46.68,31.08,0.3997,45-54,Female,30-60k,39.97%
600,2024-08-22,Latin America,Digital,3,16.84,50.52,5.41,16.23,34.29,0.6787,55+,Male,<30k,67.87%
601,2024-08-12,Asia,Digital,3,20.76,62.28,4.8,14.4,47.88,0.7688,35-44,Female,30-60k,76.88%
602,2024-10-11,Latin America,Digital,3,16.97,50.91,5.16,15.48,35.43,0.6959,25-34,Male,30-60k,69.59%
603,2024-09-26,North America,Blu-ray,1,31.18,31.18,15.18,15.18,16.0,0.5131,18-24,Female,60-100k,51.31%
604,2024-02-19,Latin America,Blu-ray,3,29.7,89.1,14.42,43.26,45.84,0.5145,35-44,Female,<30k,51.45%
605,2024-10-28,Australia,Digital,1,19.2,19.2,5.41,5.41,13.79,0.7182,45-54,Male,30-60k,71.82%
606,2024-07-14,North America,Blu-ray,2,29.06,58.12,13.79,27.58,30.54,0.5255,35-44,Prefer not to say,<30k,52.55%
607,2024-04-27,Europe,Digital,1,17.65,17.65,5.21,5.21,12.44,0.7048,25-34,Prefer not to say,60-100k,70.48%
608,2024-07-06,Latin America,Digital,2,19.22,38.44,5.23,10.46,27.98,0.7279,25-34,Male,60-100k,72.79%
609,2024-12-18,Latin America,4K UHD,3,33.86,101.58,21.66,64.98,36.6,0.3603,35-44,Male,30-60k,36.03%
610,2024-11-09,Latin America,Digital,2,20.68,41.36,5.02,10.04,31.32,0.7573,45-54,Female,<30k,75.73%
611,2024-10-31,Asia,Digital,1,17.5,17.5,4.82,4.82,12.68,0.7246,25-34,Male,150k+,72.46%
612,2024-06-17,Latin America,DVD,1,21.59,21.59,12.79,12.79,8.8,0.4076,35-44,Male,60-100k,40.76%
613,2024-10-13,Latin America,DVD,3,24.43,73.29,12.65,37.95,35.34,0.4822,45-54,Male,60-100k,48.22%
614,2024-05-20,North America,4K UHD,2,38.55,77.1,20.0,40.0,37.1,0.4812,55+,Prefer not to say,60-100k,48.12%
615,2024-09-07,Latin America,4K UHD,2,36.5,73.0,21.07,42.14,30.86,0.4227,25-34,Male,100-150k,42.27%
616,2024-08-21,Asia,Digital,2,19.15,38.3,4.77,9.54,28.76,0.7509,55+,Female,100-150k,75.09%
617,2024-04-01,North America,Digital,1,16.79,16.79,5.09,5.09,11.7,0.6968,35-44,Male,30-60k,69.68%
618,2024-04-07,Asia,Blu-ray,2,29.04,58.08,16.1,32.2,25.88,0.4456,45-54,Male,60-100k,44.56%
619,2024-01-23,Asia,Digital,2,17.34,34.68,4.82,9.64,25.04,0.722,18-24,Female,30-60k,72.2%
620,2024-02-21,North America,Blu-ray,3,26.04,78.12,14.95,44.85,33.27,0.4259,35-44,Male,60-100k,42.59%
621,2024-06-07,Australia,Blu-ray,2,25.21,50.42,16.35,32.7,17.72,0.3514,35-44,Male,30-60k,35.14%
622,2024-06-23,Europe,Digital,3,17.65,52.95,5.3,15.9,37.05,0.6997,25-34,Male,<30k,69.97%
623,2024-03-01,Europe,Blu-ray,3,26.48,79.44,16.16,48.48,30.96,0.3897,35-44,Female,150k+,38.97%
624,2024-06-01,Asia,Digital,1,18.26,18.26,4.89,4.89,13.37,0.7322,35-44,Male,100-150k,73.22%
625,2024-08-08,Australia,DVD,2,21.18,42.36,13.19,26.38,15.98,0.3772,35-44,Male,30-60k,37.72%
626,2024-03-25,Latin America,DVD,2,21.2,42.4,11.17,22.34,20.06,0.4731,18-24,Male,150k+,47.31%
627,2024-05-03,Latin America,DVD,1,23.38,23.38,12.05,12.05,11.33,0.4846,35-44,Male,30-60k,48.46%
628,2024-05-14,Europe,Blu-ray,1,24.96,24.96,14.94,14.94,10.02,0.4014,25-34,Male,30-60k,40.14%
629,2024-07-03,Australia,Blu-ray,3,29.16,87.48,15.9,47.7,39.78,0.4547,55+,Female,100-150k,45.47%
630,2024-05-13,Australia,4K UHD,2,41.43,82.86,21.63,43.26,39.6,0.4779,55+,Male,30-60k,47.79%
631,2024-09-25,Asia,4K UHD,1,36.26,36.26,20.92,20.92,15.34,0.4231,25-34,Male,30-60k,42.31%
632,2024-04-29,Asia,DVD,1,25.62,25.62,12.3,12.3,13.32,0.5199,25-34,Female,60-100k,51.99%
633,2024-06-07,North America,Digital,1,16.48,16.48,4.93,4.93,11.55,0.7008,25-34,Female,<30k,70.08%
634,2024-05-18,Latin America,Blu-ray,1,24.31,24.31,15.03,15.03,9.28,0.3817,35-44,Male,30-60k,38.17%
635,2024-03-07,Australia,4K UHD,1,39.2,39.2,20.04,20.04,19.16,0.4888,55+,Male,30-60k,48.88%
636,2024-09-07,Asia,Digital,3,19.8,59.4,4.52,13.56,45.84,0.7717,35-44,Male,60-100k,77.17%
637,2024-03-26,Asia,DVD,3,25.26,75.78,12.01,36.03,39.75,0.5245,18-24,Prefer not to say,<30k,52.45%
638,2024-04-18,Asia,DVD,2,20.35,40.7,12.85,25.7,15.0,0.3686,18-24,Male,30-60k,36.86%
639,2024-10-16,North America,Digital,2,19.87,39.74,5.21,10.42,29.32,0.7378,25-34,Male,60-100k,73.78%
640,2024-12-12,Latin America,Blu-ray,3,26.82,80.46,15.89,47.67,32.79,0.4075,45-54,Male,<30k,40.75%
641,2024-09-01,Latin America,Digital,3,17.51,52.53,4.89,14.67,37.86,0.7207,35-44,Male,30-60k,72.07%
642,2024-11-30,Australia,Blu-ray,1,25.29,25.29,15.09,15.09,10.2,0.4033,35-44,Male,60-100k,40.33%
643,2024-11-07,Australia,Blu-ray,3,31.46,94.38,13.6,40.8,53.58,0.5677,25-34,Male,100-150k,56.77%
644,2024-06-24,Asia,Blu-ray,1,24.47,24.47,14.65,14.65,9.82,0.4013,55+,Female,<30k,40.13%
645,2024-10-08,Australia,DVD,1,25.16,25.16,11.94,11.94,13.22,0.5254,25-34,Female,100-150k,52.54%
646,2024-04-29,Asia,Digital,2,19.19,38.38,4.76,9.52,28.86,0.752,45-54,Female,60-100k,75.2%
647,2024-06-17,Latin America,Blu-ray,3,29.5,88.5,13.59,40.77,47.73,0.5393,55+,Female,30-60k,53.93%
648,2024-07-14,Latin America,Blu-ray,1,29.33,29.33,15.57,15.57,13.76,0.4691,35-44,Male,100-150k,46.91%
649,2024-12-16,Australia,DVD,1,25.36,25.36,11.84,11.84,13.52,0.5331,55+,Non-binary,60-100k,53.31%
650,2024-11-05,Latin America,Blu-ray,1,25.37,25.37,14.75,14.75,10.62,0.4186,25-34,Female,60-100k,41.86%
651,2024-06-27,North America,Digital,2,16.0,32.0,4.75,9.5,22.5,0.7031,45-54,Female,60-100k,70.31%
652,2024-08-26,North America,Blu-ray,3,28.48,85.44,15.11,45.33,40.11,0.4695,18-24,Female,60-100k,46.95%
653,2024-03-14,Asia,Digital,1,17.76,17.76,4.94,4.94,12.82,0.7218,35-44,Male,150k+,72.18%
654,2024-10-20,Asia,Digital,1,16.61,16.61,4.97,4.97,11.64,0.7008,25-34,Male,60-100k,70.08%
655,2024-07-20,Latin America,DVD,1,21.15,21.15,12.19,12.19,8.96,0.4236,18-24,Male,100-150k,42.36%
656,2024-07-13,Asia,Digital,1,17.65,17.65,4.51,4.51,13.14,0.7445,18-24,Male,60-100k,74.45%
657,2024-10-06,Asia,Digital,1,16.34,16.34,5.41,5.41,10.93,0.6689,25-34,Female,100-150k,66.89%
658,2024-08-19,Australia,Digital,2,16.28,32.56,4.57,9.14,23.42,0.7193,35-44,Male,150k+,71.93%
659,2024-01-27,Europe,DVD,2,25.71,51.42,11.88,23.76,27.66,0.5379,35-44,Male,<30k,53.79%
660,2024-04-15,Asia,Blu-ray,2,26.33,52.66,14.12,28.24,24.42,0.4637,25-34,Non-binary,<30k,46.37%
661,2024-03-05,Asia,Digital,3,20.9,62.7,5.02,15.06,47.64,0.7598,55+,Female,60-100k,75.98%
662,2024-09-25,Asia,Blu-ray,2,31.22,62.44,14.34,28.68,33.76,0.5407,55+,Female,30-60k,54.07%
663,2024-01-13,Australia,Blu-ray,1,25.06,25.06,16.08,16.08,8.98,0.3583,25-34,Male,60-100k,35.83%
664,2024-03-14,Australia,Digital,2,19.56,39.12,4.9,9.8,29.32,0.7495,35-44,Female,100-150k,74.95%
665,2024-08-06,Asia,Digital,1,18.99,18.99,5.14,5.14,13.85,0.7293,35-44,Female,150k+,72.93%
666,2024-09-10,Asia,Blu-ray,3,29.17,87.51,14.25,42.75,44.76,0.5115,45-54,Female,30-60k,51.15%
667,2024-07-02,Asia,Blu-ray,1,24.71,24.71,13.56,13.56,11.15,0.4512,25-34,Female,60-100k,45.12%
668,2024-11-10,North America,DVD,1,21.17,21.17,11.77,11.77,9.4,0.444,45-54,Female,<30k,44.4%
669,2024-12-01,Asia,Blu-ray,3,24.57,73.71,15.11,45.33,28.38,0.385,25-34,Male,60-100k,38.5%
670,2024-02-18,Europe,Digital,2,19.01,38.02,4.96,9.92,28.1,0.7391,25-34,Female,<30k,73.91%
671,2024-12-13,North America,Digital,1,20.92,20.92,5.46,5.46,15.46,0.739,45-54,Prefer not to say,60-100k,73.9%
672,2024-08-12,North America,Blu-ray,3,29.03,87.09,15.62,46.86,40.23,0.4619,35-44,Male,60-100k,46.19%
673,2024-08-20,Asia,Digital,1,19.54,19.54,5.5,5.5,14.04,0.7185,45-54,Male,60-100k,71.85%
674,2024-02-04,North America,Blu-ray,3,31.37,94.11,14.39,43.17,50.94,0.5413,18-24,Male,60-100k,54.13%
675,2024-08-14,Latin America,DVD,3,24.23,72.69,12.69,38.07,34.62,0.4763,25-34,Male,30-60k,47.63%
676,2024-09-21,Asia,Blu-ray,2,24.29,48.58,15.17,30.34,18.24,0.3755,18-24,Prefer not to say,<30k,37.55%
677,2024-07-30,Europe,DVD,2,25.41,50.82,12.27,24.54,26.28,0.5171,25-34,Female,<30k,51.71%
678,2024-01-31,Latin America,Digital,2,17.81,35.62,5.49,10.98,24.64,0.6917,18-24,Male,150k+,69.17%
679,2024-07-09,Asia,Digital,2,16.01,32.02,5.15,10.3,21.72,0.6783,35-44,Male,150k+,67.83%
680,2024-12-07,Latin America,Digital,1,18.53,18.53,5.4,5.4,13.13,0.7086,35-44,Male,30-60k,70.86%
681,2024-09-21,Latin America,Blu-ray,1,31.02,31.02,15.68,15.68,15.34,0.4945,45-54,Male,30-60k,49.45%
682,2024-02-20,North America,Digital,1,17.28,17.28,4.63,4.63,12.65,0.7321,25-34,Female,30-60k,73.21%
683,2024-12-16,Europe,Digital,3,18.45,55.35,5.2,15.6,39.75,0.7182,18-24,Female,60-100k,71.82%
684,2024-12-15,Asia,Digital,1,16.86,16.86,4.98,4.98,11.88,0.7046,45-54,Female,30-60k,70.46%
685,2024-03-02,Australia,Digital,2,16.28,32.56,5.42,10.84,21.72,0.6671,18-24,Male,<30k,66.71%
686,2024-10-19,North America,Blu-ray,3,24.6,73.8,15.92,47.76,26.04,0.3528,55+,Female,30-60k,35.28%
687,2024-05-28,North America,Digital,3,19.63,58.89,4.6,13.8,45.09,0.7657,18-24,Female,30-60k,76.57%
688,2024-08-04,Australia,4K UHD,1,40.63,40.63,18.54,18.54,22.09,0.5437,35-44,Male,30-60k,54.37%
689,2024-06-11,Australia,Digital,1,16.71,16.71,4.57,4.57,12.14,0.7265,55+,Female,<30k,72.65%
690,2024-10-12,North America,Blu-ray,3,26.15,78.45,14.98,44.94,33.51,0.4272,35-44,Female,60-100k,42.72%
691,2024-12-29,Asia,DVD,1,21.21,21.21,10.99,10.99,10.22,0.4818,35-44,Female,60-100k,48.18%
692,2024-10-17,Latin America,Digital,1,16.13,16.13,5.22,5.22,10.91,0.6764,45-54,Male,30-60k,67.64%
693,2024-12-05,North America,Blu-ray,3,28.14,84.42,15.16,45.48,38.94,0.4613,25-34,Male,60-100k,46.13%
694,2024-12-11,Europe,4K UHD,3,38.99,116.97,21.34,64.02,52.95,0.4527,45-54,Female,30-60k,45.27%
695,2024-02-02,Europe,Blu-ray,3,28.85,86.55,14.34,43.02,43.53,0.5029,55+,Male,100-150k,50.29%
696,2024-04-02,Latin America,Digital,3,17.93,53.79,5.02,15.06,38.73,0.72,55+,Male,150k+,72.0%
697,2024-09-20,Europe,Digital,1,18.77,18.77,4.62,4.62,14.15,0.7539,35-44,Female,<30k,75.39%
698,2024-08-03,Asia,Blu-ray,1,24.7,24.7,16.15,16.15,8.55,0.3462,25-34,Male,100-150k,34.62%
699,2024-01-19,Europe,Digital,1,16.76,16.76,4.68,4.68,12.08,0.7208,45-54,Female,60-100k,72.08%
700,2024-02-04,Latin America,Blu-ray,1,30.98,30.98,13.81,13.81,17.17,0.5542,35-44,Prefer not to say,60-100k,55.42%
701,2024-07-08,North America,DVD,3,24.75,74.25,11.29,33.87,40.38,0.5438,25-34,Female,30-60k,54.38%
702,2024-08-12,Europe,DVD,1,25.76,25.76,12.73,12.73,13.03,0.5058,25-34,Female,30-60k,50.58%
703,2024-03-02,Europe,Blu-ray,2,30.86,61.72,13.82,27.64,34.08,0.5522,25-34,Female,<30k,55.22%
704,2024-03-03,Australia,Blu-ray,3,28.86,86.58,15.34,46.02,40.56,0.4685,35-44,Male,150k+,46.85%
705,2024-02-17,Australia,Digital,3,20.63,61.89,5.25,15.75,46.14,0.7455,25-34,Male,60-100k,74.55%
706,2024-07-25,Asia,Digital,1,18.07,18.07,5.25,5.25,12.82,0.7095,18-24,Female,30-60k,70.95%
707,2024-01-03,North America,DVD,2,20.01,40.02,11.26,22.52,17.5,0.4373,18-24,Male,60-100k,43.73%
708,2024-07-27,Latin America,DVD,2,20.38,40.76,10.95,21.9,18.86,0.4627,55+,Male,<30k,46.27%
709,2024-06-22,Asia,Digital,3,16.54,49.62,4.95,14.85,34.77,0.7007,18-24,Male,<30k,70.07%
710,2024-06-19,Australia,DVD,2,20.59,41.18,11.29,22.58,18.6,0.4517,18-24,Female,60-100k,45.17%
711,2024-09-04,Europe,Blu-ray,1,26.63,26.63,15.6,15.6,11.03,0.4142,35-44,Male,60-100k,41.42%
712,2024-07-09,Australia,Blu-ray,3,29.25,87.75,14.57,43.71,44.04,0.5019,25-34,Female,100-150k,50.19%
713,2024-09-22,Australia,DVD,3,24.93,74.79,11.88,35.64,39.15,0.5235,55+,Male,60-100k,52.35%
714,2024-10-05,Europe,Digital,2,18.94,37.88,4.61,9.22,28.66,0.7566,55+,Female,60-100k,75.66%
715,2024-12-01,Latin America,Digital,1,16.72,16.72,5.07,5.07,11.65,0.6968,35-44,Male,100-150k,69.68%
716,2024-10-18,Europe,DVD,2,24.66,49.32,11.25,22.5,26.82,0.5438,35-44,Male,<30k,54.38%
717,2024-07-07,Europe,Digital,3,17.77,53.31,5.18,15.54,37.77,0.7085,25-34,Female,60-100k,70.85%
718,2024-06-28,Europe,DVD,3,20.07,60.21,10.97,32.91,27.3,0.4534,18-24,Female,60-100k,45.34%
719,2024-03-27,Latin America,Blu-ray,2,26.1,52.2,16.43,32.86,19.34,0.3705,25-34,Male,30-60k,37.05%
720,2024-08-06,Europe,Digital,1,17.64,17.64,5.18,5.18,12.46,0.7063,25-34,Male,<30k,70.63%
721,2024-02-20,Latin America,Digital,2,17.36,34.72,4.68,9.36,25.36,0.7304,25-34,Male,30-60k,73.04%
722,2024-12-05,Asia,Digital,3,20.05,60.15,4.51,13.53,46.62,0.7751,35-44,Male,<30k,77.51%
723,2024-11-04,Latin America,Blu-ray,3,29.69,89.07,14.5,43.5,45.57,0.5116,18-24,Female,60-100k,51.16%
724,2024-02-13,Australia,DVD,1,24.34,24.34,11.17,11.17,13.17,0.5411,25-34,Male,<30k,54.11%
725,2024-10-13,North America,Digital,1,16.69,16.69,4.72,4.72,11.97,0.7172,35-44,Female,60-100k,71.72%
726,2024-02-12,Australia,Blu-ray,2,30.05,60.1,16.12,32.24,27.86,0.4636,35-44,Male,<30k,46.36%
727,2024-09-20,North America,DVD,1,24.22,24.22,12.25,12.25,11.97,0.4942,25-34,Female,<30k,49.42%
728,2024-02-02,Asia,DVD,3,21.21,63.63,11.22,33.66,29.97,0.471,18-24,Male,30-60k,47.1%
729,2024-06-27,Europe,4K UHD,1,38.47,38.47,20.23,20.23,18.24,0.4741,25-34,Female,<30k,47.41%
730,2024-08-28,Latin America,Digital,2,18.41,36.82,4.76,9.52,27.3,0.7414,25-34,Male,150k+,74.14%
731,2024-09-23,Latin America,Digital,3,18.19,54.57,5.48,16.44,38.13,0.6987,45-54,Non-binary,30-60k,69.87%
732,2024-06-01,Australia,DVD,3,20.69,62.07,10.88,32.64,29.43,0.4741,55+,Female,30-60k,47.41%
733,2024-12-02,Asia,Digital,3,18.58,55.74,5.23,15.69,40.05,0.7185,35-44,Female,<30k,71.85%
734,2024-10-09,Australia,Blu-ray,1,24.74,24.74,15.82,15.82,8.92,0.3605,35-44,Male,30-60k,36.05%
735,2024-03-17,Europe,Digital,3,16.81,50.43,4.57,13.71,36.72,0.7281,45-54,Male,60-100k,72.81%
736,2024-09-01,Europe,Digital,2,16.65,33.3,4.67,9.34,23.96,0.7195,35-44,Male,100-150k,71.95%
737,2024-09-23,Europe,Digital,1,20.76,20.76,4.88,4.88,15.88,0.7649,25-34,Male,30-60k,76.49%
738,2024-05-01,Asia,DVD,2,21.77,43.54,12.88,25.76,17.78,0.4084,25-34,Female,60-100k,40.84%
739,2024-09-26,Latin America,Digital,2,17.77,35.54,5.04,10.08,25.46,0.7164,35-44,Female,30-60k,71.64%
740,2024-11-23,Australia,Digital,2,17.6,35.2,5.16,10.32,24.88,0.7068,35-44,Female,100-150k,70.68%
741,2024-10-25,Europe,Blu-ray,1,30.73,30.73,15.85,15.85,14.88,0.4842,25-34,Female,60-100k,48.42%
742,2024-10-05,Europe,Digital,2,18.81,37.62,5.33,10.66,26.96,0.7166,25-34,Male,30-60k,71.66%
743,2024-08-19,Australia,Digital,2,20.59,41.18,4.98,9.96,31.22,0.7581,25-34,Male,60-100k,75.81%
744,2024-04-08,Asia,Digital,1,17.49,17.49,5.01,5.01,12.48,0.7136,25-34,Female,100-150k,71.36%
745,2024-10-17,Europe,Digital,3,16.57,49.71,5.22,15.66,34.05,0.685,35-44,Male,30-60k,68.5%
746,2024-05-12,Australia,Digital,1,18.77,18.77,4.76,4.76,14.01,0.7464,45-54,Male,150k+,74.64%
747,2024-07-13,Asia,DVD,3,22.15,66.45,12.85,38.55,27.9,0.4199,35-44,Non-binary,100-150k,41.99%
748,2024-04-24,Australia,Digital,1,20.0,20.0,4.52,4.52,15.48,0.774,25-34,Prefer not to say,<30k,77.4%
749,2024-04-24,Australia,Blu-ray,3,30.59,91.77,14.09,42.27,49.5,0.5394,25-34,Female,100-150k,53.94%
750,2024-02-27,Australia,4K UHD,2,36.72,73.44,21.2,42.4,31.04,0.4227,45-54,Male,60-100k,42.27%
751,2024-12-16,Asia,Digital,1,20.85,20.85,4.84,4.84,16.01,0.7679,35-44,Female,60-100k,76.79%
752,2024-02-23,Latin America,Digital,1,18.76,18.76,4.65,4.65,14.11,0.7521,18-24,Male,60-100k,75.21%
753,2024-02-01,Australia,Digital,3,17.35,52.05,4.69,14.07,37.98,0.7297,25-34,Male,100-150k,72.97%
754,2024-12-07,Europe,DVD,3,23.05,69.15,12.07,36.21,32.94,0.4764,45-54,Male,60-100k,47.64%
755,2024-07-21,North America,Digital,1,16.18,16.18,5.35,5.35,10.83,0.6693,45-54,Non-binary,60-100k,66.93%
756,2024-06-08,Europe,Blu-ray,2,30.02,60.04,13.71,27.42,32.62,0.5433,55+,Non-binary,<30k,54.33%
757,2024-09-26,Latin America,Blu-ray,2,24.75,49.5,13.59,27.18,22.32,0.4509,35-44,Female,30-60k,45.09%
758,2024-05-19,Asia,Blu-ray,1,26.31,26.31,14.9,14.9,11.41,0.4337,35-44,Male,150k+,43.37%
759,2024-02-16,North America,DVD,2,23.52,47.04,13.09,26.18,20.86,0.4435,35-44,Female,60-100k,44.35%
760,2024-09-23,Asia,4K UHD,3,32.42,97.26,19.12,57.36,39.9,0.4102,25-34,Male,<30k,41.02%
761,2024-03-05,North America,Digital,3,16.39,49.17,5.46,16.38,32.79,0.6669,45-54,Female,100-150k,66.69%
762,2024-07-20,Asia,DVD,3,24.34,73.02,12.93,38.79,34.23,0.4688,35-44,Male,100-150k,46.88%
763,2024-12-12,Asia,Digital,1,16.35,16.35,4.78,4.78,11.57,0.7076,25-34,Male,60-100k,70.76%
764,2024-12-07,Latin America,4K UHD,1,36.76,36.76,21.27,21.27,15.49,0.4214,55+,Female,<30k,42.14%
765,2024-05-11,Asia,DVD,2,22.11,44.22,12.45,24.9,19.32,0.4369,25-34,Female,60-100k,43.69%
766,2024-10-11,Asia,Blu-ray,1,25.7,25.7,15.04,15.04,10.66,0.4148,18-24,Female,<30k,41.48%
767,2024-08-11,Latin America,Digital,2,16.94,33.88,4.92,9.84,24.04,0.7096,25-34,Male,30-60k,70.96%
768,2024-06-23,Latin America,4K UHD,1,39.62,39.62,21.26,21.26,18.36,0.4634,55+,Female,60-100k,46.34%
769,2024-02-21,Australia,DVD,1,25.94,25.94,12.7,12.7,13.24,0.5104,55+,Male,150k+,51.04%
770,2024-05-17,Europe,DVD,1,20.87,20.87,12.62,12.62,8.25,0.3953,35-44,Male,30-60k,39.53%
771,2024-08-25,Asia,4K UHD,1,41.59,41.59,21.99,21.99,19.6,0.4713,55+,Female,100-150k,47.13%
772,2024-12-26,Europe,Digital,3,18.96,56.88,4.98,14.94,41.94,0.7373,55+,Male,150k+,73.73%
773,2024-01-02,Asia,Digital,1,19.2,19.2,5.31,5.31,13.89,0.7234,45-54,Female,<30k,72.34%
774,2024-09-18,North America,DVD,3,24.43,73.29,12.87,38.61,34.68,0.4732,55+,Male,30-60k,47.32%
775,2024-11-04,Asia,Digital,1,19.51,19.51,4.71,4.71,14.8,0.7586,25-34,Male,60-100k,75.86%
776,2024-12-13,North America,Digital,1,20.09,20.09,4.54,4.54,15.55,0.774,45-54,Female,100-150k,77.4%
777,2024-06-03,Asia,Digital,2,18.41,36.82,4.9,9.8,27.02,0.7338,35-44,Male,30-60k,73.38%
778,2024-02-13,Australia,Digital,3,18.66,55.98,5.36,16.08,39.9,0.7128,45-54,Female,60-100k,71.28%
779,2024-04-08,Australia,Blu-ray,1,26.42,26.42,14.37,14.37,12.05,0.4561,25-34,Female,60-100k,45.61%
780,2024-11-06,Asia,DVD,1,20.65,20.65,12.48,12.48,8.17,0.3956,45-54,Male,60-100k,39.56%
781,2024-11-16,North America,Digital,3,19.31,57.93,4.51,13.53,44.4,0.7664,55+,Female,60-100k,76.64%
782,2024-08-20,Europe,DVD,2,20.2,40.4,11.65,23.3,17.1,0.4233,25-34,Male,<30k,42.33%
783,2024-02-14,North America,DVD,2,21.71,43.42,12.28,24.56,18.86,0.4344,55+,Male,<30k,43.44%
784,2024-02-14,Latin America,DVD,3,20.58,61.74,11.11,33.33,28.41,0.4602,25-34,Male,<30k,46.02%
785,2024-06-23,Australia,4K UHD,3,33.9,101.7,21.59,64.77,36.93,0.3631,25-34,Female,150k+,36.31%
786,2024-08-02,Asia,4K UHD,2,38.38,76.76,18.63,37.26,39.5,0.5146,25-34,Female,150k+,51.46%
787,2024-01-12,North America,Digital,2,19.13,38.26,5.41,10.82,27.44,0.7172,45-54,Female,100-150k,71.72%
788,2024-09-07,North America,Digital,1,18.1,18.1,4.72,4.72,13.38,0.7392,35-44,Prefer not to say,<30k,73.92%
789,2024-07-17,Australia,DVD,1,20.56,20.56,13.19,13.19,7.37,0.3585,25-34,Male,60-100k,35.85%
790,2024-01-05,Europe,DVD,2,22.7,45.4,12.25,24.5,20.9,0.4604,35-44,Female,<30k,46.04%
791,2024-02-04,North America,DVD,1,22.2,22.2,11.0,11.0,11.2,0.5045,25-34,Female,30-60k,50.45%
792,2024-06-14,North America,Blu-ray,3,29.39,88.17,13.7,41.1,47.07,0.5339,35-44,Non-binary,30-60k,53.39%
793,2024-09-20,Europe,DVD,3,23.61,70.83,10.98,32.94,37.89,0.5349,55+,Non-binary,100-150k,53.49%
794,2024-10-28,Latin America,Digital,1,18.45,18.45,5.09,5.09,13.36,0.7241,45-54,Prefer not to say,<30k,72.41%
795,2024-06-06,Australia,Digital,2,18.43,36.86,5.31,10.62,26.24,0.7119,45-54,Male,60-100k,71.19%
796,2024-04-17,Europe,Digital,1,20.82,20.82,4.9,4.9,15.92,0.7646,35-44,Female,150k+,76.46%
797,2024-12-19,Latin America,Digital,2,19.77,39.54,4.94,9.88,29.66,0.7501,55+,Female,60-100k,75.01%
798,2024-06-16,North America,Digital,1,18.48,18.48,5.09,5.09,13.39,0.7246,25-34,Female,<30k,72.46%
799,2024-04-25,North America,Blu-ray,2,27.58,55.16,15.1,30.2,24.96,0.4525,25-34,Male,150k+,45.25%
800,2024-06-10,North America,Digital,2,16.12,32.24,5.19,10.38,21.86,0.678,18-24,Prefer not to say,60-100k,67.8%
801,2024-01-05,Australia,Digital,2,20.7,41.4,4.97,9.94,31.46,0.7599,35-44,Male,30-60k,75.99%
802,2024-04-20,Asia,DVD,2,21.99,43.98,12.51,25.02,18.96,0.4311,35-44,Female,60-100k,43.11%
803,2024-07-07,Australia,Blu-ray,1,25.91,25.91,16.49,16.49,9.42,0.3636,45-54,Female,100-150k,36.36%
804,2024-12-01,North America,Digital,3,20.99,62.97,4.85,14.55,48.42,0.7689,25-34,Male,30-60k,76.89%
805,2024-09-26,North America,Blu-ray,3,29.38,88.14,13.54,40.62,47.52,0.5391,18-24,Female,60-100k,53.91%
806,2024-10-12,Australia,4K UHD,3,32.47,97.41,18.5,55.5,41.91,0.4302,35-44,Male,30-60k,43.02%
807,2024-07-17,North America,DVD,2,20.38,40.76,12.13,24.26,16.5,0.4048,55+,Female,<30k,40.48%
808,2024-02-10,North America,Blu-ray,3,24.18,72.54,14.53,43.59,28.95,0.3991,25-34,Female,100-150k,39.91%
809,2024-05-22,Asia,Digital,2,18.99,37.98,5.44,10.88,27.1,0.7135,25-34,Male,<30k,71.35%
810,2024-12-29,Latin America,4K UHD,3,32.71,98.13,20.51,61.53,36.6,0.373,25-34,Female,30-60k,37.3%
811,2024-01-17,Europe,Digital,1,20.66,20.66,5.02,5.02,15.64,0.757,35-44,Male,30-60k,75.7%
812,2024-11-16,Asia,4K UHD,1,41.36,41.36,21.19,21.19,20.17,0.4877,25-34,Female,30-60k,48.77%
813,2024-09-06,Latin America,DVD,2,23.4,46.8,11.42,22.84,23.96,0.512,25-34,Prefer not to say,30-60k,51.2%
814,2024-04-13,Asia,Digital,2,19.07,38.14,5.32,10.64,27.5,0.721,35-44,Male,60-100k,72.1%
815,2024-10-10,Europe,Digital,3,17.45,52.35,4.5,13.5,38.85,0.7421,25-34,Female,30-60k,74.21%
816,2024-11-01,North America,Blu-ray,1,24.47,24.47,15.36,15.36,9.11,0.3723,25-34,Female,<30k,37.23%
817,2024-01-16,Asia,DVD,3,24.6,73.8,13.04,39.12,34.68,0.4699,18-24,Female,100-150k,46.99%
818,2024-02-08,Australia,Digital,1,16.5,16.5,5.29,5.29,11.21,0.6794,55+,Female,150k+,67.94%
819,2024-08-30,Latin America,Blu-ray,2,24.63,49.26,16.06,32.12,17.14,0.3479,35-44,Female,30-60k,34.79%
820,2024-12-30,Australia,Blu-ray,3,26.33,78.99,14.69,44.07,34.92,0.4421,25-34,Female,30-60k,44.21%
821,2024-01-09,North America,DVD,2,20.07,40.14,12.78,25.56,14.58,0.3632,18-24,Male,<30k,36.32%
822,2024-08-30,North America,DVD,3,22.7,68.1,12.12,36.36,31.74,0.4661,35-44,Male,<30k,46.61%
823,2024-02-19,Asia,Digital,3,19.53,58.59,5.12,15.36,43.23,0.7378,55+,Female,30-60k,73.78%
824,2024-08-25,North America,Blu-ray,3,30.0,90.0,13.68,41.04,48.96,0.544,18-24,Male,150k+,54.4%
825,2024-08-15,Asia,Digital,2,19.01,38.02,4.7,9.4,28.62,0.7528,25-34,Female,60-100k,75.28%
826,2024-02-03,Australia,Blu-ray,2,30.34,60.68,15.15,30.3,30.38,0.5007,25-34,Male,30-60k,50.07%
827,2024-09-05,Europe,Digital,1,18.02,18.02,4.56,4.56,13.46,0.7469,35-44,Female,150k+,74.69%
828,2024-11-23,Asia,DVD,2,25.29,50.58,12.58,25.16,25.42,0.5026,55+,Female,30-60k,50.26%
829,2024-11-11,Latin America,Digital,3,18.52,55.56,5.34,16.02,39.54,0.7117,35-44,Male,30-60k,71.17%
830,2024-01-11,North America,Digital,2,17.11,34.22,5.42,10.84,23.38,0.6832,25-34,Male,30-60k,68.32%
831,2024-03-30,Australia,Blu-ray,2,31.07,62.14,13.81,27.62,34.52,0.5555,45-54,Male,30-60k,55.55%
832,2024-03-28,Europe,DVD,1,21.71,21.71,13.06,13.06,8.65,0.3984,45-54,Prefer not to say,100-150k,39.84%
833,2024-06-14,Australia,DVD,2,20.16,40.32,10.96,21.92,18.4,0.4563,25-34,Female,30-60k,45.63%
834,2024-02-22,Latin America,4K UHD,1,34.42,34.42,19.9,19.9,14.52,0.4218,25-34,Female,60-100k,42.18%
835,2024-11-07,North America,4K UHD,3,35.66,106.98,21.36,64.08,42.9,0.401,25-34,Female,30-60k,40.1%
836,2024-10-10,Latin America,Blu-ray,2,26.63,53.26,13.71,27.42,25.84,0.4852,45-54,Male,150k+,48.52%
837,2024-10-22,North America,Digital,1,18.61,18.61,4.52,4.52,14.09,0.7571,45-54,Male,60-100k,75.71%
838,2024-03-13,Asia,DVD,1,25.51,25.51,10.86,10.86,14.65,0.5743,45-54,Male,30-60k,57.43%
839,2024-01-06,Australia,Blu-ray,3,26.18,78.54,15.03,45.09,33.45,0.4259,45-54,Male,<30k,42.59%
840,2024-11-28,Australia,Digital,3,18.59,55.77,5.31,15.93,39.84,0.7144,25-34,Female,150k+,71.44%
841,2024-04-15,Australia,Digital,3,17.69,53.07,4.63,13.89,39.18,0.7383,25-34,Female,60-100k,73.83%
842,2024-08-27,Asia,Blu-ray,1,30.15,30.15,13.87,13.87,16.28,0.54,18-24,Non-binary,30-60k,54.0%
843,2024-11-27,Asia,DVD,1,20.98,20.98,12.16,12.16,8.82,0.4204,55+,Female,100-150k,42.04%
844,2024-01-14,Europe,DVD,1,20.64,20.64,11.36,11.36,9.28,0.4496,35-44,Female,<30k,44.96%
845,2024-01-02,Australia,4K UHD,3,37.02,111.06,20.92,62.76,48.3,0.4349,25-34,Male,30-60k,43.49%
846,2024-01-02,Asia,DVD,3,24.19,72.57,13.08,39.24,33.33,0.4593,18-24,Female,60-100k,45.93%
847,2024-02-27,Latin America,DVD,3,24.96,74.88,12.64,37.92,36.96,0.4936,45-54,Prefer not to say,30-60k,49.36%
848,2024-01-19,Europe,Digital,1,18.94,18.94,5.38,5.38,13.56,0.7159,45-54,Female,30-60k,71.59%
849,2024-10-26,Latin America,DVD,1,24.83,24.83,12.05,12.05,12.78,0.5147,45-54,Female,30-60k,51.47%
850,2024-08-09,Europe,Digital,3,17.95,53.85,5.33,15.99,37.86,0.7031,25-34,Female,<30k,70.31%
851,2024-12-23,Latin America,Blu-ray,3,24.24,72.72,14.05,42.15,30.57,0.4204,55+,Female,<30k,42.04%
852,2024-10-19,North America,Blu-ray,3,24.86,74.58,13.71,41.13,33.45,0.4485,45-54,Non-binary,<30k,44.85%
853,2024-12-17,North America,Digital,1,16.19,16.19,5.16,5.16,11.03,0.6813,45-54,Female,150k+,68.13%
854,2024-03-28,Europe,Digital,1,17.64,17.64,4.55,4.55,13.09,0.7421,45-54,Male,60-100k,74.21%
855,2024-04-15,Asia,Blu-ray,1,27.71,27.71,16.18,16.18,11.53,0.4161,55+,Male,30-60k,41.61%
856,2024-11-06,Latin America,Digital,3,17.77,53.31,5.19,15.57,37.74,0.7079,55+,Female,30-60k,70.79%
857,2024-03-30,Europe,DVD,3,23.49,70.47,13.09,39.27,31.2,0.4427,35-44,Male,60-100k,44.27%
858,2024-01-21,North America,DVD,2,22.99,45.98,11.55,23.1,22.88,0.4976,35-44,Non-binary,<30k,49.76%
859,2024-09-01,Europe,Blu-ray,1,29.07,29.07,14.96,14.96,14.11,0.4854,25-34,Female,30-60k,48.54%
860,2024-10-19,Asia,Digital,3,19.33,57.99,5.24,15.72,42.27,0.7289,45-54,Female,60-100k,72.89%
861,2024-12-19,Asia,Blu-ray,1,26.38,26.38,14.23,14.23,12.15,0.4606,35-44,Male,30-60k,46.06%
862,2024-12-04,Latin America,Digital,3,17.72,53.16,5.04,15.12,38.04,0.7156,18-24,Female,100-150k,71.56%
863,2024-02-13,Europe,DVD,3,23.65,70.95,12.38,37.14,33.81,0.4765,25-34,Female,100-150k,47.65%
864,2024-10-08,Latin America,Digital,3,18.97,56.91,5.48,16.44,40.47,0.7111,55+,Male,100-150k,71.11%
865,2024-11-04,Latin America,DVD,3,21.96,65.88,12.59,37.77,28.11,0.4267,55+,Female,<30k,42.67%
866,2024-09-11,Latin America,DVD,2,22.06,44.12,11.08,22.16,21.96,0.4977,55+,Male,<30k,49.77%
867,2024-10-26,Asia,Digital,2,19.46,38.92,4.98,9.96,28.96,0.7441,35-44,Male,<30k,74.41%
868,2024-11-01,Australia,Digital,1,19.23,19.23,5.09,5.09,14.14,0.7353,45-54,Male,100-150k,73.53%
869,2024-06-11,Europe,Digital,3,16.67,50.01,4.65,13.95,36.06,0.7211,45-54,Female,150k+,72.11%
870,2024-01-15,Latin America,Digital,3,18.2,54.6,4.93,14.79,39.81,0.7291,25-34,Female,150k+,72.91%
871,2024-06-15,North America,Digital,1,20.45,20.45,4.78,4.78,15.67,0.7663,25-34,Female,30-60k,76.63%
872,2024-03-14,North America,4K UHD,3,32.35,97.05,18.48,55.44,41.61,0.4287,55+,Male,100-150k,42.87%
873,2024-02-11,Australia,DVD,1,25.33,25.33,12.03,12.03,13.3,0.5251,18-24,Prefer not to say,60-100k,52.51%
874,2024-02-15,Asia,Blu-ray,2,25.22,50.44,14.0,28.0,22.44,0.4449,35-44,Female,100-150k,44.49%
875,2024-09-11,Latin America,4K UHD,1,37.06,37.06,20.36,20.36,16.7,0.4506,45-54,Male,60-100k,45.06%
876,2024-07-03,Latin America,Digital,2,18.11,36.22,4.67,9.34,26.88,0.7421,45-54,Male,<30k,74.21%
877,2024-07-16,Latin America,Blu-ray,2,24.07,48.14,15.67,31.34,16.8,0.349,25-34,Male,<30k,34.9%
878,2024-09-28,Europe,Blu-ray,2,30.86,61.72,14.09,28.18,33.54,0.5434,45-54,Female,150k+,54.34%
879,2024-07-19,North America,DVD,3,22.83,68.49,12.95,38.85,29.64,0.4328,25-34,Male,30-60k,43.28%
880,2024-08-17,North America,DVD,3,25.95,77.85,10.86,32.58,45.27,0.5815,45-54,Female,30-60k,58.15%
881,2024-02-01,Australia,DVD,2,21.78,43.56,12.05,24.1,19.46,0.4467,25-34,Female,30-60k,44.67%
882,2024-11-06,Europe,Digital,3,20.32,60.96,4.82,14.46,46.5,0.7628,45-54,Female,30-60k,76.28%
883,2024-06-12,Asia,DVD,2,25.75,51.5,11.34,22.68,28.82,0.5596,45-54,Female,150k+,55.96%
884,2024-02-26,Asia,4K UHD,1,37.56,37.56,19.89,19.89,17.67,0.4704,25-34,Female,<30k,47.04%
885,2024-10-23,North America,4K UHD,1,34.02,34.02,21.37,21.37,12.65,0.3718,25-34,Male,<30k,37.18%
886,2024-09-25,Asia,Digital,1,19.42,19.42,5.42,5.42,14.0,0.7209,45-54,Female,100-150k,72.09%
887,2024-01-20,North America,Blu-ray,3,28.11,84.33,14.41,43.23,41.1,0.4874,18-24,Male,60-100k,48.74%
888,2024-03-11,North America,Digital,2,20.71,41.42,4.65,9.3,32.12,0.7755,25-34,Male,<30k,77.55%
889,2024-01-06,North America,4K UHD,2,36.38,72.76,20.88,41.76,31.0,0.4261,35-44,Prefer not to say,<30k,42.61%
890,2024-04-08,Australia,Digital,2,17.33,34.66,5.08,10.16,24.5,0.7069,55+,Male,30-60k,70.69%
891,2024-02-06,Asia,4K UHD,3,33.37,100.11,18.8,56.4,43.71,0.4366,35-44,Male,30-60k,43.66%
892,2024-09-16,Australia,Blu-ray,2,29.23,58.46,15.78,31.56,26.9,0.4601,25-34,Female,<30k,46.01%
893,2024-07-09,Asia,Digital,1,20.86,20.86,5.02,5.02,15.84,0.7593,55+,Male,30-60k,75.93%
894,2024-12-23,Europe,Digital,1,16.13,16.13,5.15,5.15,10.98,0.6807,35-44,Male,60-100k,68.07%
895,2024-09-30,Latin America,Blu-ray,2,29.54,59.08,14.58,29.16,29.92,0.5064,35-44,Female,100-150k,50.64%
896,2024-08-11,Australia,Digital,2,20.62,41.24,4.94,9.88,31.36,0.7604,35-44,Female,100-150k,76.04%
897,2024-07-04,Asia,DVD,3,20.46,61.38,11.23,33.69,27.69,0.4511,25-34,Female,30-60k,45.11%
898,2024-01-20,North America,4K UHD,2,33.09,66.18,21.03,42.06,24.12,0.3645,25-34,Male,30-60k,36.45%
899,2024-01-26,Europe,DVD,3,24.32,72.96,11.18,33.54,39.42,0.5403,45-54,Female,150k+,54.03%
900,2024-08-12,Australia,Digital,2,19.23,38.46,5.28,10.56,27.9,0.7254,18-24,Female,100-150k,72.54%
901,2024-01-02,Asia,DVD,2,20.42,40.84,12.72,25.44,15.4,0.3771,45-54,Male,60-100k,37.71%
902,2024-01-16,Australia,Digital,2,20.16,40.32,5.25,10.5,29.82,0.7396,25-34,Male,30-60k,73.96%
903,2024-03-20,Asia,4K UHD,2,37.22,74.44,18.08,36.16,38.28,0.5142,25-34,Male,30-60k,51.42%
904,2024-11-18,North America,Digital,3,20.53,61.59,4.77,14.31,47.28,0.7677,25-34,Female,60-100k,76.77%
905,2024-06-16,Australia,Digital,1,20.38,20.38,4.97,4.97,15.41,0.7561,35-44,Male,60-100k,75.61%
906,2024-09-15,Latin America,Digital,2,20.05,40.1,5.1,10.2,29.9,0.7456,45-54,Female,<30k,74.56%
907,2024-05-30,Latin America,4K UHD,1,37.15,37.15,21.68,21.68,15.47,0.4164,25-34,Prefer not to say,150k+,41.64%
908,2024-03-04,Australia,Digital,3,17.25,51.75,4.88,14.64,37.11,0.7171,25-34,Male,60-100k,71.71%
909,2024-05-15,North America,Blu-ray,3,27.79,83.37,16.13,48.39,34.98,0.4196,25-34,Female,60-100k,41.96%
910,2024-02-03,Australia,Blu-ray,2,24.75,49.5,13.99,27.98,21.52,0.4347,45-54,Male,30-60k,43.47%
911,2024-10-08,Europe,Blu-ray,3,28.93,86.79,14.61,43.83,42.96,0.495,25-34,Male,100-150k,49.5%
912,2024-03-07,Australia,4K UHD,2,33.33,66.66,18.21,36.42,30.24,0.4536,45-54,Female,60-100k,45.36%
913,2024-05-17,North America,Blu-ray,1,27.82,27.82,15.73,15.73,12.09,0.4346,25-34,Male,<30k,43.46%
914,2024-12-23,Asia,4K UHD,2,32.54,65.08,18.6,37.2,27.88,0.4284,25-34,Non-binary,60-100k,42.84%
915,2024-08-04,Latin America,Digital,3,17.49,52.47,4.76,14.28,38.19,0.7278,45-54,Female,60-100k,72.78%
916,2024-06-16,North America,Blu-ray,1,25.73,25.73,15.83,15.83,9.9,0.3848,35-44,Male,100-150k,38.48%
917,2024-07-17,North America,DVD,1,23.87,23.87,12.08,12.08,11.79,0.4939,18-24,Male,30-60k,49.39%
918,2024-10-13,Australia,DVD,1,24.91,24.91,10.83,10.83,14.08,0.5652,55+,Male,100-150k,56.52%
919,2024-04-02,North America,Blu-ray,3,24.42,73.26,13.51,40.53,32.73,0.4468,25-34,Female,30-60k,44.68%
920,2024-08-20,Latin America,4K UHD,2,40.49,80.98,20.04,40.08,40.9,0.5051,25-34,Female,<30k,50.51%
921,2024-11-14,Australia,Blu-ray,3,30.45,91.35,14.41,43.23,48.12,0.5268,25-34,Male,<30k,52.68%
922,2024-07-27,Latin America,DVD,3,22.13,66.39,11.23,33.69,32.7,0.4925,35-44,Female,<30k,49.25%
923,2024-06-11,Asia,DVD,2,24.11,48.22,12.27,24.54,23.68,0.4911,45-54,Female,30-60k,49.11%
924,2024-02-22,Asia,Digital,3,18.0,54.0,4.73,14.19,39.81,0.7372,18-24,Female,30-60k,73.72%
925,2024-03-31,Latin America,Digital,1,16.76,16.76,5.09,5.09,11.67,0.6963,55+,Male,60-100k,69.63%
926,2024-12-11,Asia,Digital,1,18.63,18.63,4.88,4.88,13.75,0.7381,35-44,Male,<30k,73.81%
927,2024-07-16,Asia,Digital,2,16.42,32.84,4.69,9.38,23.46,0.7144,55+,Male,150k+,71.44%
928,2024-04-19,North America,Digital,2,20.38,40.76,4.64,9.28,31.48,0.7723,45-54,Male,<30k,77.23%
929,2024-06-01,Latin America,Blu-ray,1,30.92,30.92,14.21,14.21,16.71,0.5404,55+,Female,60-100k,54.04%
930,2024-07-29,Latin America,DVD,1,25.13,25.13,10.87,10.87,14.26,0.5674,35-44,Male,150k+,56.74%
931,2024-07-15,Latin America,4K UHD,1,37.62,37.62,19.23,19.23,18.39,0.4888,25-34,Male,100-150k,48.88%
932,2024-09-12,North America,DVD,3,23.48,70.44,12.96,38.88,31.56,0.448,35-44,Male,60-100k,44.8%
933,2024-04-03,Latin America,Digital,3,20.91,62.73,5.33,15.99,46.74,0.7451,45-54,Male,60-100k,74.51%
934,2024-08-24,Latin America,Digital,3,17.23,51.69,4.87,14.61,37.08,0.7174,35-44,Non-binary,<30k,71.74%
935,2024-06-10,North America,Digital,2,16.37,32.74,5.08,10.16,22.58,0.6897,45-54,Female,<30k,68.97%
936,2024-12-09,Australia,4K UHD,2,37.61,75.22,20.27,40.54,34.68,0.461,18-24,Male,30-60k,46.1%
937,2024-02-27,Asia,Digital,3,17.64,52.92,5.33,15.99,36.93,0.6978,45-54,Female,<30k,69.78%
938,2024-02-24,Asia,DVD,2,22.01,44.02,11.37,22.74,21.28,0.4834,25-34,Male,30-60k,48.34%
939,2024-06-17,Latin America,4K UHD,1,32.06,32.06,19.19,19.19,12.87,0.4014,55+,Female,30-60k,40.14%
940,2024-07-04,Asia,4K UHD,2,37.95,75.9,19.21,38.42,37.48,0.4938,25-34,Female,150k+,49.38%
941,2024-09-09,Asia,Digital,3,17.31,51.93,4.54,13.62,38.31,0.7377,25-34,Female,100-150k,73.77%
942,2024-05-27,Europe,Digital,2,16.93,33.86,4.81,9.62,24.24,0.7159,45-54,Non-binary,100-150k,71.59%
943,2024-11-29,Australia,Digital,3,16.19,48.57,5.38,16.14,32.43,0.6677,45-54,Female,60-100k,66.77%
944,2024-06-22,Australia,Digital,3,17.81,53.43,5.41,16.23,37.2,0.6962,45-54,Female,<30k,69.62%
945,2024-02-17,North America,Digital,1,20.38,20.38,4.61,4.61,15.77,0.7738,55+,Male,<30k,77.38%
946,2024-02-13,Latin America,DVD,3,22.1,66.3,11.9,35.7,30.6,0.4615,25-34,Male,60-100k,46.15%
947,2024-12-21,North America,4K UHD,2,38.78,77.56,19.53,39.06,38.5,0.4964,45-54,Female,60-100k,49.64%
948,2024-02-18,Europe,DVD,2,24.72,49.44,11.97,23.94,25.5,0.5158,25-34,Female,30-60k,51.58%
949,2024-12-11,Australia,DVD,1,22.04,22.04,12.13,12.13,9.91,0.4496,35-44,Female,30-60k,44.96%
950,2024-04-11,North America,Digital,2,20.1,40.2,4.52,9.04,31.16,0.7751,35-44,Female,30-60k,77.51%
951,2024-02-04,Europe,Blu-ray,1,29.18,29.18,16.03,16.03,13.15,0.4507,18-24,Male,30-60k,45.07%
952,2024-04-21,Europe,DVD,1,23.49,23.49,13.14,13.14,10.35,0.4406,35-44,Male,30-60k,44.06%
953,2024-08-12,Latin America,Blu-ray,3,24.0,72.0,15.46,46.38,25.62,0.3558,45-54,Female,30-60k,35.58%
954,2024-06-05,Asia,4K UHD,1,32.34,32.34,20.64,20.64,11.7,0.3618,25-34,Male,60-100k,36.18%
955,2024-10-13,Asia,Digital,2,20.94,41.88,5.03,10.06,31.82,0.7598,55+,Female,150k+,75.98%
956,2024-08-11,Australia,Digital,1,19.9,19.9,4.83,4.83,15.07,0.7573,35-44,Female,60-100k,75.73%
957,2024-05-26,Asia,Digital,1,20.68,20.68,4.65,4.65,16.03,0.7751,25-34,Female,60-100k,77.51%
958,2024-08-19,Latin America,DVD,2,25.63,51.26,12.2,24.4,26.86,0.524,35-44,Female,100-150k,52.4%
959,2024-12-20,North America,4K UHD,3,32.2,96.6,18.18,54.54,42.06,0.4354,25-34,Female,<30k,43.54%
960,2024-05-30,Europe,Digital,3,19.95,59.85,5.32,15.96,43.89,0.7333,18-24,Female,60-100k,73.33%
961,2024-02-26,Australia,Blu-ray,2,27.37,54.74,14.76,29.52,25.22,0.4607,45-54,Male,30-60k,46.07%
962,2024-05-29,Australia,DVD,2,24.92,49.84,11.8,23.6,26.24,0.5265,25-34,Female,60-100k,52.65%
963,2024-11-02,Latin America,Digital,3,16.03,48.09,4.83,14.49,33.6,0.6987,25-34,Female,<30k,69.87%
964,2024-03-20,Europe,Digital,1,17.43,17.43,5.47,5.47,11.96,0.6862,45-54,Male,150k+,68.62%
965,2024-12-12,North America,Blu-ray,3,29.63,88.89,14.02,42.06,46.83,0.5268,18-24,Female,150k+,52.68%
966,2024-08-02,Australia,Blu-ray,1,29.94,29.94,13.95,13.95,15.99,0.5341,45-54,Female,<30k,53.41%
967,2024-08-07,Latin America,DVD,1,23.86,23.86,11.2,11.2,12.66,0.5306,45-54,Male,30-60k,53.06%
968,2024-04-25,Europe,Digital,2,17.5,35.0,5.16,10.32,24.68,0.7051,25-34,Female,<30k,70.51%
969,2024-12-01,Asia,Blu-ray,1,26.32,26.32,16.48,16.48,9.84,0.3739,35-44,Prefer not to say,100-150k,37.39%
970,2024-01-14,Latin America,Digital,3,20.82,62.46,4.74,14.22,48.24,0.7723,18-24,Female,60-100k,77.23%
971,2024-04-19,Asia,4K UHD,3,36.38,109.14,21.62,64.86,44.28,0.4057,35-44,Male,<30k,40.57%
972,2024-06-01,Australia,Digital,2,18.23,36.46,4.78,9.56,26.9,0.7378,18-24,Female,100-150k,73.78%
973,2024-06-23,North America,Digital,3,18.75,56.25,5.15,15.45,40.8,0.7253,55+,Prefer not to say,30-60k,72.53%
974,2024-06-22,Europe,DVD,3,22.55,67.65,10.9,32.7,34.95,0.5166,25-34,Female,30-60k,51.66%
975,2024-02-23,North America,DVD,3,23.44,70.32,11.99,35.97,34.35,0.4885,45-54,Male,30-60k,48.85%
976,2024-03-23,Latin America,DVD,3,22.69,68.07,12.37,37.11,30.96,0.4548,25-34,Male,60-100k,45.48%
977,2024-02-04,Latin America,DVD,2,25.16,50.32,12.09,24.18,26.14,0.5195,25-34,Female,30-60k,51.95%
978,2024-07-27,Australia,4K UHD,1,41.08,41.08,18.95,18.95,22.13,0.5387,35-44,Male,30-60k,53.87%
979,2024-05-08,Asia,DVD,3,25.82,77.46,12.79,38.37,39.09,0.5046,35-44,Male,30-60k,50.46%
980,2024-07-25,North America,DVD,2,23.52,47.04,13.13,26.26,20.78,0.4418,55+,Male,150k+,44.18%
981,2024-08-03,Asia,DVD,3,22.75,68.25,11.9,35.7,32.55,0.4769,18-24,Female,60-100k,47.69%
982,2024-09-13,North America,Digital,3,19.52,58.56,5.14,15.42,43.14,0.7367,18-24,Female,150k+,73.67%
983,2024-07-18,Latin America,DVD,1,25.23,25.23,12.7,12.7,12.53,0.4966,25-34,Female,60-100k,49.66%
984,2024-08-24,Latin America,Digital,2,18.81,37.62,4.74,9.48,28.14,0.748,25-34,Female,100-150k,74.8%
985,2024-08-02,Australia,DVD,1,24.37,24.37,12.87,12.87,11.5,0.4719,55+,Prefer not to say,30-60k,47.19%
986,2024-08-26,Europe,Digital,1,19.74,19.74,4.78,4.78,14.96,0.7579,55+,Female,100-150k,75.79%
987,2024-08-13,Europe,4K UHD,3,38.75,116.25,21.1,63.3,52.95,0.4555,55+,Male,30-60k,45.55%
988,2024-04-25,North America,DVD,3,24.65,73.95,11.07,33.21,40.74,0.5509,25-34,Female,<30k,55.09%
989,2024-03-30,Asia,Blu-ray,3,25.56,76.68,14.37,43.11,33.57,0.4378,35-44,Male,<30k,43.78%
990,2024-10-14,Asia,DVD,3,23.11,69.33,12.08,36.24,33.09,0.4773,45-54,Prefer not to say,<30k,47.73%
991,2024-05-05,Latin America,Digital,2,18.93,37.86,5.02,10.04,27.82,0.7348,25-34,Male,150k+,73.48%
992,2024-07-19,Latin America,Blu-ray,2,24.01,48.02,16.05,32.1,15.92,0.3315,45-54,Female,150k+,33.15%
993,2024-03-12,North America,DVD,3,25.34,76.02,13.19,39.57,36.45,0.4795,25-34,Female,100-150k,47.95%
994,2024-06-06,Europe,Blu-ray,2,28.57,57.14,13.82,27.64,29.5,0.5163,25-34,Male,<30k,51.63%
995,2024-07-12,Asia,DVD,2,20.8,41.6,11.45,22.9,18.7,0.4495,55+,Female,100-150k,44.95%
996,2024-08-16,Europe,DVD,1,25.09,25.09,11.66,11.66,13.43,0.5353,25-34,Male,60-100k,53.53%
997,2024-07-11,North America,Blu-ray,3,29.37,88.11,14.94,44.82,43.29,0.4913,55+,Male,30-60k,49.13%
998,2024-05-11,Australia,DVD,3,24.73,74.19,11.99,35.97,38.22,0.5152,25-34,Female,60-100k,51.52%
999,2024-12-17,Latin America,Digital,3,17.95,53.85,5.36,16.08,37.77,0.7014,18-24,Male,60-100k,70.14%
1000,2024-07-06,Asia,Blu-ray,2,30.4,60.8,15.81,31.62,29.18,0.4799,25-34,Female,<30k,47.99%
